Workbook

Sheet Synechococcus
A1: Table S5A: Protein categories and comparative proteomic analysis of Synechococcus sp. WH7803 proteins detected in SW axenic and R. pomeroyi co-cultures
K2: Axenic | T2: Co-culture
K3: A | N3: B | Q3: C | T3: A | W3: B | Z3: C | AC3: Axenic | AF3: Co-culture
A4: Accession | B4: Other reference | C4: Protein sequence | D4: Annotated function and designation | E4: Assigned function | F4: Additional information for category assignement | H4: Assigned category | I4: Fold change Axenic vs Co-culture | J4: Anova (p) | K4: SC | L4: Peak area | M4: NAF | N4: SC | O4: Peak area | P4: NAF | Q4: SC | R4: Peak area | S4: NAF | T4: SC | U4: Peak area | V4: NAF | W4: SC | X4: Peak area | Y4: NAF | Z4: SC | AA4: Peak area | AB4: NAF | AC4: A | AD4: B | AE4: C | AF4: A | AG4: B | AH4: C
A5: YP_001224119.1 | B5: SynWH7803_0396 | C5: MTVTPVADPTVGNLATPVNSSYFTKAFLNALPAYRPALSPNRCGLEVGMAHGFFLYGPFTICGPLRLTEYSTTAGLLATIGLVSILTVCLSIYGTAGNGPNVQPADATIDNPPADLFTKAGWAEFASGFWLGGCGGAAFAWFLTGTALVAPLVNIAGGVWSVN | D5: photosystem I reaction centre subunit XI | E5: Photosynthesis | I5: 1.6014397 | J5: 0.4733214 | K5: 2 | L5: 1915122.6 | M5: 0.0074928234 | N5: 0 | O5: 284999.69 | P5: 0.0011248125 | Q5: 2 | R5: 2345937.3 | S5: 0.0093131282 | T5: 1 | U5: 1591469.5 | V5: 0.0062161329 | W5: 1 | X5: 1394963.1 | Y5: 0.0053299497 | Z5: 2 | AA5: 4947982 | AB5: 0.019188299 | AC5: 34.924282 | AD5: 32.171468 | AE5: 33.606567 | AF5: 34.550282 | AG5: 33.121637 | AH5: 35.755884
A6: YP_001225926.1 | B6: SynWH7803_2203 | C6: MKRLLSWLTGLVVMAGLLFSLATPSGVQAADIRNVADDKIAERGDKVDLNNSSVRRFQQFPGMYPTLAGKIVLGGPYESVDDVLALDLTDRQKELFEKYRDNFTVTAPSIALNEGFDRINDGQYR | D6: photosystem II complex extrinsic protein precursor U | E6: Photosynthesis | H6: Replication, recombination and repair | I6: 1.357806 | J6: 0.10524198 | K6: 2 | L6: 2810594.4 | M6: 0.014339193 | N6: 2 | O6: 3568139.6 | P6: 0.018363488 | Q6: 2 | R6: 2445528.2 | S6: 0.012659876 | T6: 2 | U6: 3669666.9 | V6: 0.018690727 | W6: 2 | X6: 4176134 | Y6: 0.020807142 | Z6: 3 | AA6: 5131663.7 | AB6: 0.025950406 | AC6: Av= | AD6: 33.567439 | AF6: Av= | AG6: 34.475934 | AI6: Difference | AJ6: 102.70648
A7: YP_001224210.1 | B7: SynWH7803_0487 | C7: MPAIKFKRDFTHQDRVSFSFSNSRDAAKGSAEKGGQVASSPAEFKENQCGSMGIGSGPRIHEVCPFSAVNHSYAATGEGALSQAISAAYKQVFGNIGITDSQRLVSLEAFLRDGRITTRDFMAGLVKSELYKQTFFFAVSPMRGVELTVKHLLGRPPVSQSEVGAAIKMIADEGFDAFVDHLVRSEEYLETFGTDTVPYLRAFKSEARAYCSTFVSMAELAPANASAENVMYSGPLLVRRLVKTGLSVNAINPRAFDTSVEFSYTNAVGNTRNPAFRRIYGGKFAY | D7: phycobilisome linker polypeptide, C-phycoerythrin class II-associated | E7: Photosynthesis | I7: 1.2281488 | J7: 0.2512498 | K7: 42 | L7: 2.5568038e+08 | M7: 0.57012214 | N7: 31 | O7: 1.732449e+08 | P7: 0.38968869 | Q7: 35 | R7: 2.3052374e+08 | S7: 0.52157458 | T7: 37 | U7: 2.9079306e+08 | V7: 0.64733275 | W7: 35 | X7: 2.7475846e+08 | Y7: 0.59831936 | Z7: 39 | AA7: 3.1705208e+08 | AB7: 0.70074589 | AC7: Dev= | AD7: 1.3768244 | AF7: Dev= | AG7: 1.318696 | AI7: T-test | AJ7: 0.45553581
A8: YP_001224947.1 | B8: SynWH7803_1224 | C8: MFLSLLAITPASVSWTPKVALVMIICNVIAIAIGKATIKYPNEGAKMPSASFFGGMSHGAMLGCTSFGHLLGMGAILGLSTRGVF | D8: photosystem I reaction center subunit X | E8: Photosynthesis | I8: 1.1952669 | J8: 0.62404649 | K8: 4 | L8: 1426917 | M8: 0.010705731 | N8: 2 | O8: 437898.74 | P8: 0.0033141956 | Q8: 5 | R8: 2988481.5 | S8: 0.022750892 | T8: 3 | U8: 945025.98 | V8: 0.0070783885 | W8: 3 | X8: 2345017 | Y8: 0.017182054 | Z8: 5 | AA8: 3039915.8 | AB8: 0.022606775
A9: YP_001225247.1 | B9: SynWH7803_1524 | C9: MRVQLHSSLRTLCALFCVLMLTACSGAGAGLNSFKSPDGRYAFLYPSGWTRVAVTGGPQVVFHDLINSDETVSLVVSDVDPDNDLEGLGSAVAVGERLRREVIAPEGSGRVADLIEARERESDGHTFYDLEYAVHLQDRDRHELATVVVDRGRLYTLATSTNEARWTKVQGLFESVITSFTLLI | D9: photosystem II PsbP protein | E9: Photosynthesis | I9: 1.1642715 | J9: 0.23064866 | K9: 2 | L9: 2932717.5 | M9: 0.010164568 | N9: 1 | O9: 4142986.2 | P9: 0.014485018 | Q9: 2 | R9: 2767625.7 | S9: 0.009733215 | T9: 2 | U9: 3897076.8 | V9: 0.013484372 | W9: 2 | X9: 4335170.4 | Y9: 0.014673589 | Z9: 2 | AA9: 4154019.8 | AB9: 0.014270747
A10: YP_001225011.1 | B10: SynWH7803_1288 | C10: MSVVRDLILKADDDLRYPSSGELNSIVEFLGQGSLRLSVVRILSDNEKKIVDESARQLFSLRPEYVAPGGNAYGQKQRAQCLRDYSWYLRLVTYGVLAGSTEMIEQIGLIGAREMYNSLGVPMPGMVDAMRAMREASLVLLSDDQQRLAGPYFDFLIQGMQTST | D10: allophycocyanin subunit alpha | E10: Photosynthesis | I10: 1.0913372 | J10: 0.58133909 | K10: 10 | L10: 31991299 | M10: 0.1244012 | N10: 5 | O10: 17822505 | P10: 0.069911444 | Q10: 10 | R10: 29292553 | S10: 0.11557933 | T10: 8 | U10: 30155164 | V10: 0.11706509 | W10: 5 | X10: 31654046 | Y10: 0.12020801 | Z10: 6 | AA10: 32714304 | AB10: 0.12609266
A11: YP_001225751.1 | B11: SynWH7803_2028 | C11: MRLFKVTACIPSPEKVRTQRELQNTFFTKWVPYDSWFAEQQRIQKQGGRIIKVELCTGSRQVNVGN | D11: putative phycobilisome linker polypeptide | E11: Photosynthesis | I11: 1.0871924 | J11: 0.3546333 | K11: 5 | L11: 35316795 | M11: 0.34125095 | N11: 5 | O11: 34090219 | P11: 0.33228384 | Q11: 6 | R11: 33838438 | S11: 0.33176698 | T11: 6 | U11: 40407150 | V11: 0.38978386 | W11: 5 | X11: 38947123 | Y11: 0.36751871 | Z11: 6 | AA11: 42287856 | AB11: 0.40501183
A12: YP_001224228.1 | B12: SynWH7803_0505 | C12: MSLPLLDYPLSTQNNRVANITSRAEGFNQVVNQSTSSRDLLIEKAYRQIYFHAMKHDRDTCLESQFRAGSITMRDFVRQLLLSERFQQSYYQCNSNYRMVDQVIGRVLGRSVHNDGERRAWSIVIGEKGFTAFVDALLESDEYMNNFGYDRVPEQRARVLPGQPTGEIPIYQQFPRYGADWRDSLQDRAPSDQSQWQQLQASSTWVNGQPPALALKIWLGIAAVGAFELGRVILVIAVSMLRT | D12: phycobilisome rod-core linker polypeptide cpcG (L-RC 28.5) | E12: Photosynthesis | I12: 1.0724548 | J12: 0.5317108 | K12: 15 | L12: 74531853 | M12: 0.1956015 | N12: 10 | O12: 64047451 | P12: 0.16955825 | Q12: 13 | R12: 62616877 | S12: 0.16674465 | T12: 12 | U12: 71090227 | V12: 0.18625726 | W12: 11 | X12: 78277097 | Y12: 0.20062103 | Z12: 12 | AA12: 85964764 | AB12: 0.22361976
A13: YP_001224215.1 | B13: SynWH7803_0492 | C13: MKSVLTTVIGSADSGSRFPTSSDLESVQGSLQRAAARLEAAEKIAQNYDAIAQRAVDAVYTQYPNGATGRQPRQCATEGKEKCKRDFVHYLRLINYSLVVGGTGPLDELAINGQREVYKALSIDPGTYVAGFTQMRNDGCAPRDLSPQALTEYNAALDYVINSLA | D13: C-phycoerythrin class II alpha chain | E13: Photosynthesis | I13: 1.0691833 | J13: 0.42011271 | K13: 32 | L13: 1.0689857e+09 | M13: 4.1316589 | N13: 33 | O13: 1.042163e+09 | P13: 4.0632642 | Q13: 37 | R13: 1.0467917e+09 | S13: 4.105283 | T13: 35 | U13: 1.1816027e+09 | V13: 4.5592889 | W13: 29 | X13: 1.1813427e+09 | Y13: 4.4590255 | Z13: 29 | AA13: 1.2968023e+09 | AB13: 4.9680482
A14: YP_001223921.1 | B14: SynWH7803_0198 | C14: MSHAVKIYDTCIGCTQCVRACPLDVLEMVPWDGCKAGQIASSPRTEDCVGCKRCETACPTDFLSIRVYLGDETSRSMGLSY | D14: photosystem I subunit VII | E14: Photosynthesis | H14: Energy production and conversion | I14: 1.0660386 | J14: 0.68174361 | K14: 6 | L14: 15931682 | M14: 0.12543339 | N14: 4 | O14: 12230556 | P14: 0.097136968 | Q14: 5 | R14: 12883082 | S14: 0.10292042 | T14: 6 | U14: 18075620 | V14: 0.14207503 | W14: 4 | X14: 15207340 | Y14: 0.11692739 | Z14: 4 | AA14: 14313503 | AB14: 0.11170095
A15: YP_001225700.1 | B15: SynWH7803_1977 | C15: MASFLPNVRRSLSRLLIVLSAFAVLVIGTPAQAASWDAETLTVPADAEGSPVTFSEQQVKAGRKVFNTSCGTCHAGGITKTNHNVGLDPETLALATPARDNVAALVDYLQDPTSYDGEYSIADLHPSMRSRDLYPAMRDLTDEDLRLMSAYILVAPKVLGQEWGGGKIYF | D15: cytochrome c-550 | E15: Photosynthesis | I15: 1.0494618 | J15: 0.71570969 | K15: 4 | L15: 5893710.9 | M15: 0.022109373 | N15: 4 | O15: 5695446.3 | P15: 0.021552726 | Q15: 6 | R15: 4833704.7 | S15: 0.018399159 | T15: 5 | U15: 6904645.5 | V15: 0.025858423 | W15: 5 | X15: 5971343 | Y15: 0.021876161 | Z15: 5 | AA15: 5807889.4 | AB15: 0.021595606
A16: YP_001224242.1 | B16: SynWH7803_0519 | C16: MPVIRFVREGRDVECYPGENLRDVALREGIQLYGLKGQLGNCGGCGQCITCFVEVKGDQTAAASLTGRTAVEEAKLRRRPDSWRLACQALVERSVVILTRPQVSMSDQRRRIEAALNAPLPPGPTAWPVVETSEEEEEADADADDQSQLSNEAPATPGDEP | D16: ferredoxin | E16: Photosynthesis | I16: 1.0471657 | J16: 0.92296568 | K16: 2 | L16: 972151.14 | M16: 0.0038507422 | N16: 2 | O16: 1357391 | P16: 0.0054237849 | Q16: 2 | R16: 990304.35 | S16: 0.0039802431 | T16: 1 | U16: 1093223 | V16: 0.004323072 | W16: 1 | X16: 1815334.3 | Y16: 0.0070222896 | Z16: 0 | AA16: 890831.83 | AB16: 0.0034975653
A17: YP_001224203.1 | B17: SynWH7803_0480 | C17: MFDAFTKVVAQADARGQFISASEIDALAAMVSDSNKRLDAVNRISSNASTIVASAARQLFAQQPSLIAPGGNAYTSRRMAACLRDMEIILRYVTYASFAGDASVLEDRCLNGLRETYLALGTPGASVAAGVNLMKESALAIVNDRAGISAGDCASLSSEIGTYFDRAAAAVA | D17: R-phycocyanin II beta chain | E17: Photosynthesis | I17: 1.0432548 | J17: 0.6618127 | K17: 98 | L17: 1.0025128e+09 | M17: 3.7170467 | N17: 65 | O17: 8.1088145e+08 | P17: 3.0328594 | Q17: 92 | R17: 9.4349937e+08 | S17: 3.5496044 | T17: 74 | U17: 9.9040056e+08 | V17: 3.6659962 | W17: 66 | X17: 1.0414845e+09 | Y17: 3.7711377 | Z17: 81 | AA17: 1.0997711e+09 | AB17: 4.0417538
A18: YP_001225567.1 | B18: SynWH7803_1844 | C18: MRRLFALALSALLVFGFAPVAKADVAGLTPCAESARFQQRASAATTDQAKARFEMYSQAVCGEDGLPHLIVDGRWDHAGEFMLPGLMFLYIAGCIGWAGREYLKATRGTKEQYTKEIQIDLPLALKSCIAAATWPIAAFGELTSGKLLESDDKITVSPR | D18: photosystem I reaction centre PsaF protein | E18: Photosynthesis | I18: 1.0189176 | J18: 0.85852847 | K18: 19 | L18: 1.5235817e+08 | M18: 0.61108995 | N18: 10 | O18: 1.2240338e+08 | P18: 0.49524449 | Q18: 19 | R18: 1.5027309e+08 | S18: 0.61157664 | T18: 13 | U18: 1.5168205e+08 | V18: 0.60736065 | W18: 12 | X18: 1.4635134e+08 | Y18: 0.57325467 | Z18: 17 | AA18: 1.722182e+08 | AB18: 0.68466463
A19: YP_001225069.1 | B19: SynWH7803_1346 | C19: MRDAITGLIGRYDQLGRYLDRSAIDRIESYLDESAIRLKAVELINREAAELVREASQRLFQGDPELLLPGGNAYTTRRLAACLRDMDYFLRYASYALIAGDSTILNERVLNGLDDTYKSLGVPTGPTVRSMVLLADVLCERLLEEGVPSKSLDLVRAPFEHMASGLAASDVRQR | D19: allophycocyanin subunit beta | E19: Photosynthesis | I19: 1.0040543 | J19: 0.95075617 | K19: 9 | L19: 17819474 | M19: 0.065310373 | N19: 8 | O19: 19706375 | P19: 0.072858604 | Q19: 9 | R19: 17874894 | S19: 0.06647541 | T19: 10 | U19: 20501035 | V19: 0.075012926 | W19: 8 | X19: 20930106 | Y19: 0.074915242 | Z19: 9 | AA19: 18791093 | AB19: 0.068265108
A20: YP_001224226.1 | B20: SynWH7803_0503 | C20: MPFGPASLLGVERFSQESEAPLELIPGDDDAKKEQIIRAVYKQVLGNAYVMESERQLVAESQFKLGEISVRELVRRIAKSELYRGRFFDACSRYRYIELAFRHLLGRAPVDFDEMRAHAERLDNHGYDADIDSFLDSSDYQDTYGEWTVPFQRGWKTEACGTLQEFTWSFQLLRGNSSSSLKGDLSGISSKLGGNAYQNRPMAVVAPSSTEPGGWSFRPAKNLQDAPTRHGVGAGEQGKTYRVEVTAYSANNVRRISRYTRSNRVYFVPFDKLSEQFKRIHAEGGKISSITPVN | D20: phycobilisome linker polypeptide, C-phycoerythrin class I-associated | E20: Photosynthesis | I20: -1.001223 | J20: 0.93753501 | K20: 44 | L20: 5.1266322e+08 | M20: 1.1120424 | N20: 38 | O20: 3.7285098e+08 | P20: 0.81585188 | Q20: 46 | R20: 5.0528422e+08 | S20: 1.1121291 | T20: 44 | U20: 5.1491512e+08 | V20: 1.1150591 | W20: 38 | X20: 4.7967688e+08 | Y20: 1.0161305 | Z20: 41 | AA20: 5.1519139e+08 | AB20: 1.1076875
A21: YP_001224225.1 | B21: SynWH7803_0502 | C21: MSASKGFGAESLNDGPVSFSRNRNAASKPALSSGEFLRQSCASMKIAIGPRNHEDCPHGVTAQRYAPADSASLDAAINAAYRQVYGNAHVMDNERSVELEAQFCNGELNVRDFVRGLAKSNFYRARFFEGVAPQRGIELNLKHLLGRPPINQAEMSAHITLLASGGHDAVIDFIVDGAEYAEVFGDDVVPYTRSFTSAAGIPTNSFANMAALERGFALSDSAIGSRSQLSNNLARGTTAYIQLPSGFRSGVSPSSPSGAMAFAPKKRASSDGGDFAPIRNDAYVGFGLGQREQEVFQRCPGDTADTINGLIRATYRQVMGNPHLMESERAMSAESKFAEGYLSTRELVRAIALSPEYSRRFFETNAPYRFVELNFKHLLGRAPTSQAELSEHIQILANDGYEAEINSYLDSTEYQSTFGEDTVPYLRILSEQGRSQLAFNRHLSLAEGYAASDTVLNSSSLVTSVATNSVPSGWRTTTTRTNRNGAVAGSPSATTKRFRIVVNAQPRGGRQRTPNASYLVSGKDMTSQLKYIHARGGRIVSITEVM | D21: phycobilisome linker polypeptide, C-phycoerythrin-associated | E21: Photosynthesis | I21: -1.002713 | J21: 0.97972787 | K21: 79 | L21: 1.1120764e+09 | M21: 1.2989083 | N21: 60 | O21: 1.0175583e+09 | P21: 1.1989195 | Q21: 80 | R21: 1.1010917e+09 | S21: 1.3049614 | T21: 73 | U21: 1.1817217e+09 | V21: 1.3779459 | W21: 60 | X21: 1.1005362e+09 | Y21: 1.2553351 | Z21: 74 | AA21: 1.2078859e+09 | AB21: 1.398393
A22: YP_001225750.1 | B22: SynWH7803_2027 | C22: MQDAITNVINKSDVQGLYLDTTSMSSLEGYFASGELRVKAAATISANASSIIRDAVAKALLYSDITRPGGNMYTTRRYAACIRDLDYYLRYSTYAMLAGDTSILDERVLNGLKETYNSLGVPIGATVQAIQAMKEVTASLVGPDAGKEMGVYFDYICSGLGN | D22: allophycocyanin subunit beta | E22: Photosynthesis | I22: -1.0103148 | J22: 0.98972448 | K22: 62 | L22: 4.0041538e+08 | M22: 1.576276 | N22: 38 | O22: 3.2000587e+08 | P22: 1.2707681 | Q22: 55 | R22: 3.7668508e+08 | S22: 1.5046317 | T22: 41 | U22: 3.7615068e+08 | V22: 1.478279 | W22: 35 | X22: 3.8929661e+08 | Y22: 1.4966272 | Z22: 42 | AA22: 4.1671286e+08 | AB22: 1.62599
A23: YP_001224180.1 | B23: SynWH7803_0457 | C23: MTATALNGQLPQFIGSTGGLLNSAETEEKYAITWTSNSAQAFELPTGGAAMMNAGENIMYFARKEQCLALGTQLRTKFKPRIEDYKIYRIFPGGDTEYLHPSDGVFPEKVNEGRAMVGHNPRRIGQNTNPANIKFSGRNTFDA | D23: photosystem I reaction center subunit II | E23: Photosynthesis | I23: -1.0155845 | J23: 0.93487042 | K23: 21 | L23: 2.405928e+08 | M23: 1.072959 | N23: 14 | O23: 1.9982947e+08 | P23: 0.89897346 | Q23: 18 | R23: 2.4861443e+08 | S23: 1.1250118 | T23: 13 | U23: 2.4311275e+08 | V23: 1.0823838 | W23: 17 | X23: 2.3855658e+08 | Y23: 1.0389709 | Z23: 14 | AA23: 2.5458401e+08 | AB23: 1.1253589
A24: YP_001224202.1 | B24: SynWH7803_0479 | C24: MKTPLTEAVSAADSQGRFLSSTEVQAASGRFNRAAASLEAAKALSAKADALVNGAAQAVYNKFPYTTQMEGSNYSTTPEGKAKCSRDVGYYLRMITYCLVAGGTGPMDDYLIAGLDEINRTFELSPSWYVEALKYIKSNHGLSGDAATEANSYIDYAINALI | D24: R-phycocyanin II alpha chain | E24: Photosynthesis | I24: -1.0258144 | J24: 0.85302041 | K24: 38 | L24: 3.543363e+08 | M24: 1.394881 | N24: 25 | O24: 3.1107555e+08 | P24: 1.2353051 | Q24: 43 | R24: 3.1038051e+08 | S24: 1.2397846 | T24: 34 | U24: 3.5541852e+08 | V24: 1.3968012 | W24: 30 | X24: 3.4362348e+08 | Y24: 1.3210396 | Z24: 31 | AA24: 3.3516147e+08 | AB24: 1.3077811
A25: YP_001225574.1 | B25: SynWH7803_1851 | C25: MRRLLSPLFAALIVGVTVLTAPSTSWAYPFWAQQNYDSPREATGKIVCANCHLAQKLTQAEVPQSVLPDSVFKAVVKIPYDTSVPEIGADGSEVPLQVGAVVMLPDGFTLAPQDRWTDDIKEETEGVYFSEYSDDQPNVILVGPIPGDQHQEIVFPVLSPDPATDSNIHFGKYSIHVGGNRGRGQVYPTGEKSNNTVFTAPSTGTVRSIEAGENGASVVTIASADGTELSETVPVGPALIVSVGDAVEAGAPITNDPNVGGFGQLDTEVVLQNPVRIYGLLAFFAAVALAQIMLVLKKKQFEKVQAAEGV | D25: apocytochrome f | E25: Photosynthesis | I25: -1.0300444 | J25: 0.85909761 | K25: 7 | L25: 39595850 | M25: 0.081456267 | N25: 6 | O25: 31517736 | P25: 0.065405863 | Q25: 9 | R25: 39060475 | S25: 0.081534726 | T25: 9 | U25: 41984796 | V25: 0.086226334 | W25: 9 | X25: 39107705 | Y25: 0.078568534 | Z25: 8 | AA25: 35073671 | AB25: 0.071518023
A26: YP_001224076.1 | B26: SynWH7803_0353 | C26: MRFRPLLALVLAFCFTVVTACSGGAQAVDRSNVTYDDIRNTGKANDCPTLSDSARGSIDLTAGDAYELRGICMHPTQVFIKGEPANKRQEAQFVEGKILTRYTSSLDEVYGTLTVGEDSISFKEEGGIDFQPITVLIPGGEEFPFTFSSKNLDAVANGAAITTSTDFEGTYRTPSYRTSNFIDPKGRALTTGVDYPQGLIGLGGDYKELESENVKRYIDGQGVMSMSITKVDPETGEFAGVFSAIQPSDSDMGGREIVDVKINGELYGRLEEA | D26: photosystem II manganese-stabilizing protein PsbO | E26: Photosynthesis | I26: -1.0621973 | J26: 0.74212921 | K26: 35 | L26: 1.2711294e+08 | M26: 0.29693655 | N26: 20 | O26: 94317786 | P26: 0.22225642 | Q26: 30 | R26: 1.1712561e+08 | S26: 0.27762337 | T26: 25 | U26: 1.2078903e+08 | V26: 0.28169193 | W26: 25 | X26: 1.2013455e+08 | Y26: 0.27406481 | Z26: 25 | AA26: 1.0649426e+08 | AB26: 0.24658095
A27: YP_001224224.1 | B27: SynWH7803_0501 | C27: MTATISSLRCDANQDRSQASDIIRAAYRQVFGNRYLMELDVQPSIEALFINGDLSVQGLVTALAQSDTYRRLYLEANSPYRFVELNFKHLLGRPPRNQAEISEHVRLLADEGFDAEIASYTYSDEYLRNFGVDTVPYARTQTSVVGESTVAYRRNQAMDPGFAGFDADQASVLQVSLASNSNPNAAGTRKVVGGGNRFTVLWTSRVQLGAVRRSAQRSVVSYSSLSRTIQSIQAQGGRILSIANA | D27: phycobilisome linker polypeptide, C-phycoerythrin class I-associated | E27: Photosynthesis | I27: -1.0631508 | J27: 0.36767917 | K27: 44 | L27: 3.683401e+08 | M27: 0.95878105 | N27: 33 | O27: 3.6324034e+08 | P27: 0.9537869 | Q27: 47 | R27: 3.5154173e+08 | S27: 0.92849078 | T27: 30 | U27: 3.5581583e+08 | V27: 0.92463166 | W27: 30 | X27: 3.8480685e+08 | Y27: 0.97819337 | Z27: 38 | AA27: 3.6620064e+08 | AB27: 0.94481982
A28: YP_001223973.1 | B28: SynWH7803_0250 | C28: MPGMSSLLKPLIQLVLVACIGFGLGGCVTTRVPMATSSPWQVVDLNTDANPLDVAFTSADHGFLVGSNRLILETNDGGSSWNERSLDLPDEENFRLLSIAFEGDDGWIAGQPGLLMHTTDGGQNWTRLFLDTKLPGEPYLITALGPDSAELATNVGAVYRTRDGGGSWEAKVSDAAGAVRDLRRGADGSYVSVSSLGNFYATWTPGQDVWQVHQRVSSQRLQSIGYQPDGNLWMVARGAQIRLNDTAEDFESWSKPIIPITNGYGYMDMAWSKDGAIWAGGGNGTLLVSRDGGDSWERDPESRQAPTNFNRFVFNDSQGQEHAFLLGERGLMLHWTAVS | D28: Ycf48-like protein | E28: Photosynthesis | G28: Photosynthesis system II assembly factor | H28: General function prediction only | I28: -1.0647454 | J28: 0.67102317 | K28: 17 | L28: 50427582 | M28: 0.094864774 | N28: 12 | O28: 40064339 | P28: 0.076029415 | Q28: 14 | R28: 46053867 | S28: 0.087908971 | T28: 11 | U28: 48753828 | V28: 0.091562701 | W28: 10 | X28: 46834926 | Y28: 0.086043517 | Z28: 11 | AA28: 43952717 | AB28: 0.081956236
A29: YP_001225879.1 | B29: SynWH7803_2156 | C29: MALPLLQYAPTTQNNRVAAIRVASDENQRTRQMDISMDPENLKTVIESAYRQIFFHAFKSDREIFLESQLRSGQITVRDFIRGLCLSDTFKRSFYNLNSNYKVVRHLVEKVLGRKTHGKSEEIAWSIVIATKGVEGMVDALLDSEEYLNAFGYDTVPYQRNRVLPGRELGETPFNITTPRYDEYYRGILGFPQVVYTGTAKALPARAKRVRGGSPSDYLPWVRGLSNARGASPSGSADIDYLAKVPYRSVGR | D29: phycobilisome rod-core linker polypeptide cpcG (L-RC 27.8) | E29: Photosynthesis | I29: -1.075984 | J29: 0.25682715 | K29: 34 | L29: 5.264203e+08 | M29: 1.3321975 | N29: 26 | O29: 5.2543826e+08 | P29: 1.3413574 | Q29: 37 | R29: 5.3270094e+08 | S29: 1.3678854 | T29: 32 | U29: 5.2951993e+08 | V29: 1.3378005 | W29: 36 | X29: 5.3738492e+08 | Y29: 1.3281066 | Z29: 33 | AA29: 5.290454e+08 | AB29: 1.3270533
A30: YP_001225749.1 | B30: SynWH7803_2026 | C30: MSIVSNSIINADAEARYLSPGELDQIKAFVGGGQRRLRVAQVLSESRERIVKTAGGQLFQKRPDVISPGGNAYGEEMTATCLRDMDYYLRLVTYGVVAGDVTPIEEIGVIGARELYRSLGTPLEAMAEAVREMKTVAMSILSGADAEEAGFYFDYVVGALA | D30: allophycocyanin subunit alpha | E30: Photosynthesis | I30: -1.0803315 | J30: 0.33878002 | K30: 44 | L30: 5.9851976e+08 | M30: 2.3707685 | N30: 25 | O30: 5.9062971e+08 | P30: 2.3600042 | Q30: 44 | R30: 5.9287306e+08 | S30: 2.3828825 | T30: 39 | U30: 5.7908979e+08 | V30: 2.289969 | W30: 35 | X30: 5.7679861e+08 | Y30: 2.2312403 | Z30: 41 | AA30: 6.3128985e+08 | AB30: 2.478557
A31: YP_001224216.1 | B31: SynWH7803_0493 | C31: MLDAFSRQAVSADSSGSFIGGAQLNDLKAFIAEGNKRLDAVNAITANASCVVSDSVAGICCENTGLTAPNGGVYTNRKMAACLRDAEIIMRYVSYALLAGDASVLQDRCLNGLRETYAALGVPSGSAARAVAIMKASACAHITNTNNTTGEKRKMPVTEGDCNALSAEAASYFDMVISAIS | D31: C-phycoerythrin class II beta chain | E31: Photosynthesis | I31: -1.092061 | J31: 0.36722045 | K31: 105 | L31: 1.4196995e+09 | M31: 5.0021233 | N31: 66 | O31: 1.3209064e+09 | P31: 4.6947971 | Q31: 108 | R31: 1.301143e+09 | S31: 4.6517165 | T31: 91 | U31: 1.2978836e+09 | V31: 4.5652729 | W31: 88 | X31: 1.3208249e+09 | Y31: 4.5447989 | Z31: 86 | AA31: 1.4017187e+09 | AB31: 4.8952884
A32: YP_001225369.1 | B32: SynWH7803_1646 | C32: MAAELLEQPVLGSRRLSNILVAAMVTIGGVGFLFASLSSYLGRDLLPLGHPAGLVFVPQGLVMGLYSIAAALLATYLWAVIAIDVGSGSNRFDKQAGVITISRRGFRKPISVEIPLKDVQAVKVEVRDGFNTRRRVSLRVQGRRDMPLTRVGEPLPLAQLEQDGAELARFLGVNLEGL | D32: photosystem I assembly protein Ycf4 | E32: Photosynthesis | I32: -1.100239 | J32: 0.11809318 | K32: 5 | L32: 16911661 | M32: 0.060590257 | N32: 3 | O32: 19073954 | P32: 0.068935683 | Q32: 4 | R32: 17297033 | S32: 0.06288085 | T32: 4 | U32: 17215293 | V32: 0.061574938 | W32: 4 | X32: 19090318 | Y32: 0.066794571 | Z32: 4 | AA32: 16196464 | AB32: 0.057516994
A33: YP_001224241.1 | B33: SynWH7803_0518 | C33: MGLPWYRVHTVVINDPGRLLAVHLMHTALVAGWAGSMALYELAIFDPSDPVLNPMWRQGMFVMPFMARLGVTDSWGGWSITGATGVDPGFWSFEGVAAAHIVFSGLLMLAAIWHWTYWDLEIWQDPRTGEPALDLPKIFGIHLLLAGLGCFGFGAFHLTGVFGPGMWISDPYGITGHLEPVQPSWGPEGFNPFNPGGIVAHHIAAGIVGIIAGIFHITTRPPERLYKALRMGNIETVLASAIAAVFFAAFIVAGTMWYGAAATPIELFGPTRYQWDQNYFKTEINRRVQTAMDQGATASEAYASIPEKLAFYDYVGNSPAKGGLFRVGPMVNGDGLPTGWLGHISFTDKEGRDLQVRRLPNFFENFPVILEDSDGIVRGDIPFRRAEAKYSFEQQGITATVYGGALDGQTFTDPAEVKRLARKAQLGEAFEFDRETYNSDGTFRSSPRGWFTFGHATFALLFFFGHIWHGARTLYRDVFAGIDPDLGEQVEFGLFQKLGDRSTRRLPDGYVPPAGSPLS | D33: photosystem II P680 chlorophyll A apoprotein (CP-47 protein) | E33: Photosynthesis | I33: -1.1034478 | J33: 0.59460792 | K33: 43 | L33: 1.961389e+08 | M33: 0.2410088 | N33: 27 | O33: 1.5036017e+08 | P33: 0.1863755 | Q33: 42 | R33: 1.9824746e+08 | S33: 0.24717644 | T33: 40 | U33: 1.6788414e+08 | V33: 0.2059453 | W33: 28 | X33: 1.498398e+08 | Y33: 0.17980752 | Z33: 36 | AA33: 2.17334e+08 | AB33: 0.26470144
A34: YP_001224209.1 | B34: SynWH7803_0486 | C34: MKSVVTTVVTAADAAGRFPSQNDLEAVQGNIQRAAARLEAAEKLAAGLDAVTKEAGDACFNKYPYLKQPGEAGENQTKVDKCYRDLGHYLRLINYCLVVGGTGPLDEWGIAGAREVYRTLGLPTGPYVEALTYTRDRACAPRDMSPQALNEFKSYLDYVINALS | D34: C-phycoerythrin class I alpha chain | E34: Photosynthesis | I34: -1.1053482 | J34: 0.45793256 | K34: 40 | L34: 8.3848333e+08 | M34: 3.2605218 | N34: 37 | O34: 9.2064285e+08 | P34: 3.6113593 | Q34: 39 | R34: 7.2091649e+08 | S34: 2.8445129 | T34: 36 | U34: 8.844573e+08 | V34: 3.4335438 | W34: 34 | X34: 7.628196e+08 | Y34: 2.89685 | Z34: 34 | AA34: 7.7776145e+08 | AB34: 2.9977716
A35: YP_001224115.1 | B35: SynWH7803_0392 | C35: MATKFPSFSQGLAQDPTTRRIWYGIATAHDFESHDGMTEEKLYQKLFSTHFGHLAIIGLWVSGNLFHIAWQGNFEQWVADPLHVRPIAHAIWDPHFGQGAIDAFTQAGASSPVNIAYSGLYHWFYTIGMTTNAELYQGSIFMMILSAWALFAGWLHLQPKFRPSLAWFKNAESRLNHHLAVLFGFSSIAWTGHLVHVAIPESRGQHVGWDNFLNVMPHPAGLGPFFTGNWGVYAQNPDTMGQVFGSAEGSGTAILTFLGGFHPQTEALWLTDIAHHHLAIGVIFVIAGHMYRTNFGIGHSIREILEAHNPPQGTPGDLGAGHKGLYDTINNSLHFQLGLALASLGVVTSLVAQHMYAMPSYAFIAKDYTTQAALYTHHQYIAIFLMCGAFAHGAIFFIRDYDPEANKDNVLARMLEHKEAIISHLSWVSLFLGFHTLGLYVHNDVVVAFGTPEKQILVEPVFAQFVQAASGKAIYGFDVLLANTGGVAANANAAYMGGWMDAINGVRGSNDLFLPIGPGDFLVHHAIALGLHTTTLILVKGALDARGSKLMPDKKDFGYSFPCDGPGRGGTCDISAWDAFYLAVFWALNTVGWVTFYWHWKHLAIWQGNVAQFNESSTYLMGWFRDYLWLNSSQLINGYNPFGSNNLAVWAWMFLFGHLVWATGFMFLISWRGYWQELIETIVWAHQRTPLANLVGWRDKPVALSIVQARVVGLAHFTIGYILTYAAFLIASTSGKFG | D35: photosystem I P700 chlorophyll a apoprotein A2 | E35: Photosynthesis | I35: -1.1062567 | J35: 0.48133313 | K35: 32 | L35: 1.918571e+08 | M35: 0.16578989 | N35: 21 | O35: 1.5248266e+08 | P35: 0.13291912 | Q35: 33 | R35: 1.8027218e+08 | S35: 0.15806624 | T35: 26 | U35: 1.7873429e+08 | V35: 0.15419173 | W35: 23 | X35: 1.6606301e+08 | Y35: 0.14014079 | Z35: 27 | AA35: 1.7046353e+08 | AB35: 0.14600613
A36: YP_001225748.1 | B36: SynWH7803_2025 | C36: MTVTASSGSPRVSPQLYDTLPLSSVRQAEQQDRFPDGGELDSLITFFRSGNDRLEASRIIAANAESIVARAANRIFVGGTPLSFLESPLTTGEERRAGDDTPLAADQVAFAQSVRTFTGESATTKRGNFLTRLLDGSSGDADVRVVLPTGFNAISVAKYGPAFMRKSVRDMGWFLRYVGYALVAGDPSILSVNTRGLRDILLKNCSLTATNVALQEMRAASAQLLRELPEARRLTIDCFNVLLQELAVATPSTRQKPGSAVRQGLQLPAIYALAAESAQRFEMRPGLSGAEKAEIVKAAYRQVFERDIAKGYSQTPCRSEASQLVQGKISMREFIRALGKSKEYRTQFYGRFVNSRVVELAYRHFLGRGISSLEEFRKAFSIVSEQGLNGLVDVLVNSSEYAQTFGEETVPYLRDLGEEAQESAGWGSNRRLFRFSAPFEGAPQYVTLYASYRQPFGDQHVYGGGNDPVGNQYGAIFPSSTASVATRPAPFGYDTRRLLVSNGMAQPGQMDSPQFRGSRPRKVGPRVLRLQQIATGGAARPRRGGQPSIRNTESSTQAVIKAVYVQVLGTAGYAGERLSSEEARLENGDISLRDFVRSVARSNAFRRRYWEGLYITKAIEVMHRRLLGRPTFGRWEIDALFDTAARRGFYGLVDALIDGQDYKDCFGEDTVPYERFITPADLNTRRAPALRRPIDVTAVVDLAMGRRPDSVRNDRLRTTSDVTTRNLTGQTQTAAGQWRADLSSMPASNWSPLMRRRPQRSSTSPGSAQDTANSWSRTLDSRFTRTIQQDQGKTGLTAALQVGNALGFQRRTGLPAKLSLPVNPSESELREVADATYRQLLNRVPLESERLITSESRLRDGQIDLEGFVAAVATSEAFMERLSKMAPLRAATAAAMALVGRASTPAETSRFLIVRAESGQCAAVQELLDLRSKLGFESSEVPGLQGLSSQPGVTQPTLTRTASLYSGNAGLTPPTSQPL | D36: anchor polypeptide LCM | E36: Photosynthesis | I36: -1.1249093 | J36: 0.32988043 | K36: 116 | L36: 6.1064315e+08 | M36: 0.39777852 | N36: 95 | O36: 5.9095106e+08 | P36: 0.38832217 | Q36: 129 | R36: 6.3958864e+08 | S36: 0.42275119 | T36: 105 | U36: 5.9867101e+08 | V36: 0.38932753 | W36: 98 | X36: 5.1348651e+08 | Y36: 0.3266588 | Z36: 105 | AA36: 6.5422808e+08 | AB36: 0.42241805
A37: YP_001224114.1 | B37: SynWH7803_0391 | C37: MTISPPERGSTAKTQVEKVDNPATFELFGKPGHFDRALAKGPKTTTWVWNLHANAHDFDSHTSDLEEVSRKIFSAHFGHLAVIFIWLSGAFFHGARFSNFSGWLADPTHVKPSAQVVWPVFGQEILNGDMGAGFQGIQITSGLFHVWRAWGITNETQLMSLAIGALVMAGLMLNAGVFHYHKAAPKLEWFQNVESMLNHHLAGLLGLGSLSWTGHLLHVSLPTTKLMDAIDAGQPLVLNGKTIASVADIPLPHEFFNQDLLAQLYPGFGAGIGAFFSGNWAAYSDFLTFKGGLNPVTGSMWMSDIAHHHLAIAVLFIVAGHMYRTNWGIGHSIKEILEGQKGDPLLFPATKGHDGLFEFMTTSWHAQLAVNLAMLGSLSIIVAQHMYAMPPYAYMSIDYPTQIGLFTHHMWIGGFLIVGAAAHAAIAMIRDYDPAKHVDNVLDRVLKARDALISHLNWVCIWLGFHSFGLYIHNDTMRALGRPQDMFSDSAIQLKPVFAQWIQGLHAAAAGSTAPNALAGVSEVFNGSVVAVGGKVAAAPIPLGTADFMVHHIHAFTIHVTVLILLKGVLYARNSRLIPDKANLGFRFPCDGPGRGGTCQVSAWDHVFLGLFWMYNSLSIVIFHFSWKMQSDVWGTVNADGSVQHITNGNFANSAITINGWLRDFLWAQAAQVINSYGSNTSAYGLMFLGAHFVWAFSLMFLFSGRGYWQELIESIVWAHNKLKVAPAIQPRALSITQGRAVGVAHYLLGGIATTWAFFHAHILVVG | D37: photosystem I P700 chlorophyll a apoprotein A1 | E37: Photosynthesis | I37: -1.1278808 | J37: 0.19381851 | K37: 18 | L37: 1.076464e+08 | M37: 0.089503635 | N37: 16 | O37: 1.0732975e+08 | P37: 0.090021891 | Q37: 16 | R37: 1.0773315e+08 | S37: 0.090890976 | T37: 16 | U37: 1.0821863e+08 | V37: 0.089828932 | W37: 15 | X37: 98868853 | Y37: 0.080280883 | Z37: 16 | AA37: 1.0232804e+08 | AB37: 0.084332559
A38: YP_001224256.1 | B38: SynWH7803_0533 | C38: MANSSPVYDWFQERLEIQDIADDISSKYVPPHVNIFYCLGGITLVCFLIQFATGFAMTFYYKPTVAEAYSSVQYLMTDVSFGWLIRSVHRWSASMMVLMLILHVFRVYLTGGFKRPRELTWVTGVTMAVITVSFGVTGYSLPWDQVGYWAVKIVSGVPAAIPVVGDFMVELLRGGESVGQSTLTRFYSLHTFVMPWLLAVFMLMHFLMIRKQGISGPL | D38: cytochrome b6 | E38: Photosynthesis | H38: Energy production and conversion | I38: -1.1293246 | J38: 0.29290541 | K38: 13 | L38: 74538131 | M38: 0.21805123 | N38: 12 | O38: 68684012 | P38: 0.20268543 | Q38: 12 | R38: 79583540 | S38: 0.23622918 | T38: 12 | U38: 65928315 | V38: 0.19254181 | W38: 11 | X38: 66700060 | Y38: 0.19055386 | Z38: 11 | AA38: 81073649 | AB38: 0.23508191
A39: YP_001225782.1 | B39: SynWH7803_2059 | C39: MIEPTTIPVRRLPRYGFHTHTERLNGRAAMLGFIALLAVEIKLGHGLLIW | D39: high light inducible protein | E39: Photosynthesis | I39: -1.1353351 | J39: 0.50002304 | K39: 1 | L39: 528820.92 | M39: 0.0067448944 | N39: 1 | O39: 503316.99 | P39: 0.0064758226 | Q39: 3 | R39: 798743.26 | S39: 0.010337226 | T39: 1 | U39: 575102.86 | V39: 0.0073229336 | W39: 1 | X39: 532507.46 | Y39: 0.0066329039 | Z39: 2 | AA39: 625550 | AB39: 0.0079083886
A40: YP_001224263.1 | B40: SynWH7803_0540 | C40: MAISRGDMVRIKRPESYWYNEVGKVASIDTSGIRYPVVVRFEQVNYNGISGSEGGINTNNFAESELEPA | D40: photosystem I reaction center subunit IV | E40: Photosynthesis | I40: -1.140276 | J40: 0.54482622 | K40: 2 | L40: 1327434.8 | M40: 0.012268759 | N40: 2 | O40: 1155142 | P40: 0.010769849 | Q40: 2 | R40: 1023332.3 | S40: 0.0095969751 | T40: 1 | U40: 1336509.5 | V40: 0.012331972 | W40: 1 | X40: 764996.96 | Y40: 0.0069049196 | Z40: 2 | AA40: 1210987.8 | AB40: 0.011093962
A41: YP_001225371.1 | B41: SynWH7803_1648 | C41: METPFNSGLIATGGKDLDSTGYAWWSGNARLINLSGRLLGAHVAHAGLMVFWAGAMMLFEVSHFTFDKPMYEQGLILFPHVATLGYGVGPGGEVTDLYPFFVVGVLHLISSAVLGLGGLYHALRGPEILENYSTFFSQDWRDKNQMTNIIGYHLILLGVGCLLLVFKAMFFGGVYDTWAPGGGDVRLITNPTLDPGVIFGYLFRAPFGGEGWIIGVNSMEDIIGGHIWLGLTLIFGGIWHVITKPFGWVRRAFIWNGEAYLSYSLGALSFMSFIASAYIWFNNTAYPSEFYGPTNAEASQAQSFTFLVRDQRLGANIGSAMGPTGLGKYLMRSPTGEIIFGGETMRFWDFRGPWLEPLRGPNGLSLDKLQNDIQPWQVRRAAEYMTHAPNASINSVGGIITEPNSVNFVNIRQWLAATQFILAFFFLIGHLWHAGRARAAAAGFEKGIDRQAEPTLAMPDLD | D41: photosystem II CP43 protein | E41: Photosynthesis | I41: -1.1461944 | J41: 0.39691702 | K41: 18 | L41: 1.1093651e+08 | M41: 0.15313309 | N41: 12 | O41: 95170767 | P41: 0.13252108 | Q41: 16 | R41: 1.1453368e+08 | S41: 0.16041982 | T41: 17 | U41: 95274541 | V41: 0.13129387 | W41: 13 | X41: 85036768 | Y41: 0.11463382 | Z41: 15 | AA41: 1.2231163e+08 | AB41: 0.16734847
A42: YP_001225573.1 | B42: SynWH7803_1850 | C42: MTQMPAGDVPGMGRRQFMNLLTFGSVTGVALGALYPVVNYFIPPRAAGSGGGTSAKDELGNAVTASGWLSTHPAGDRSLVQGLKGDPTYLIVEGDDAIGSYGINAICTHLGCVVPWNSGANKFMCPCHGSQYDATGKVVRGPAPLSLALANVSVENDNVFVSQWTDTDFRTGEKPWWA | D42: cytochrome b6-f complex iron-sulfur subunit | E42: Photosynthesis | H42: Energy production and conversion | I42: -1.1489275 | J42: 0.73276914 | K42: 13 | L42: 33915855 | M42: 0.12151204 | N42: 9 | O42: 17410026 | P42: 0.062922039 | Q42: 14 | R42: 31349911 | S42: 0.11396804 | T42: 13 | U42: 28978730 | V42: 0.10364991 | W42: 9 | X42: 24575996 | Y42: 0.085988255 | Z42: 10 | AA42: 24953801 | AB42: 0.088616111
A43: YP_001224301.1 | B43: SynWH7803_0578 | C43: MKLLIHGRNLDVTPALRDYTETKLDRAIHNFGDLVKEADVHLSVARNPRVPQQTAEVTVFANGTVIRAQERSENLYASIDLVASKLARQLRRFKDRHSDHHHSHGHRASETPTTESVLDDEAIVESLLDGKEVQLPSPGVRRKYFSMPPMTLEQARQQLDLIDHDFYLFRDSASGDLQVIYRRNHGGYGVIEARD | D43: light repressed protein A-like protein | E43: Photosynthesis | H43: Translation, ribosomal structure and biogenesis | I43: -1.1570131 | J43: 0.34037001 | K43: 4 | L43: 6269823.3 | M43: 0.02050488 | N43: 5 | O43: 5049335.4 | P43: 0.016658004 | Q43: 5 | R43: 5687558.5 | S43: 0.018873744 | T43: 5 | U43: 5392688.5 | V43: 0.017606795 | W43: 4 | X43: 4849349.9 | Y43: 0.015488056 | Z43: 4 | AA43: 5718651.4 | AB43: 0.018537663
A44: YP_001224208.1 | B44: SynWH7803_0485 | C44: MLDAFSRSVVSADAKTAAVGAGDIAALRQYVAEGNKRLDAVNAITSNASCIVSDAVTGMICENTGLIQAGGNCYPNRRMAACLRDGEIILRYISYALLAGDASVLDDRCLNGLKETYIALGVPAQSAARAVAIMKASATAHIGETNTQANGGAKFRKMETTQGDCSALVAEAASYFDRVISAIA | D44: C-phycoerythrin class I beta chain | E44: Photosynthesis | I44: -1.1631069 | J44: 0.1476928 | K44: 32 | L44: 7.2723753e+08 | M44: 2.5205481 | N44: 21 | O44: 7.0872498e+08 | P44: 2.4778972 | Q44: 33 | R44: 6.7831376e+08 | S44: 2.3855009 | T44: 26 | U44: 6.6849873e+08 | V44: 2.313089 | W44: 21 | X44: 6.3150266e+08 | Y44: 2.1374963 | Z44: 25 | AA44: 6.6977351e+08 | AB44: 2.3009444
A45: YP_001224204.1 | B45: SynWH7803_0481 | C45: MSSLVRTSSLDPVQIKGWRWQPFLDKAISALETFRLSPYPIDETFLQREGSTGSKSKPVPVTTATWACATDKLRQVRCACVEAGTAASVLNFVINPSCRFDLPFFGADLVTLPNGHLLALDLQPVDKADPEHTGPVWERLMPVFERWQAELPDGGPIPEEAQPYFSPAFLWTRIPLGEEGDALIERVIRPAFIEYLQLYLKLVAEAQPVNDDRAASLLAGQKRYTAYRAEKDPARGMLTRFYGSEWTESYIHDVLFDLEKAASTSLS | D45: phycoerythrobilin:ferredoxin oxidoreductase | E45: Photosynthesis | I45: -1.1853233 | J45: 0.2414524 | K45: 12 | L45: 21621379 | M45: 0.051642666 | N45: 12 | O45: 17584763 | P45: 0.042369041 | Q45: 10 | R45: 22435335 | S45: 0.0543736 | T45: 8 | U45: 19408180 | V45: 0.04627891 | W45: 7 | X45: 17880273 | Y45: 0.041707186 | Z45: 9 | AA45: 19085446 | AB45: 0.045184245
A46: YP_001225283.1 | B46: SynWH7803_1560 | C46: MRVSSAANNTYNERVFTLVVVGLQSSNQRRSEQTFTVSYDRLQSTVQRINACGGRILSVTAGNASAPAHSPGSSASNVPKAPATSTVTDTPSKPAHKTVPVNLYKPKAPFIGTVTENYSLLKEGAIGRVQHITFDLSGGDPHLAYVEGQSIGIIPEGEDAKGKPHKLRLYSIASTRHGDNMEGNTVSLCVRQLEYKNEAGEEIKGVCSTYLCDIEPGTKVKITGPVGKEMLLPDDEDANVIMLATGTGIAPMRTYLRRMFEPTEQEKNGWTFRGKAWLFMGAPKTPNLLYDEDFEHYERQYPDNFRYTKAISREQQNTKGGRMYIQDRVLEHADEIFSMIENPKTHVYMCGLRGMEPGIDEAMSAAAAAKGLDWSELRPQLKKAERWHVETY | D46: ferredoxin-NADP oxidoreductase | E46: Photosynthesis | H46: Inorganic ion transport and metabolism | I46: -1.188132 | J46: 0.23044319 | K46: 66 | L46: 3.9276949e+08 | M46: 0.63898138 | N46: 51 | O46: 3.1677465e+08 | P46: 0.51986157 | Q46: 63 | R46: 3.8647129e+08 | S46: 0.63796663 | T46: 57 | U46: 3.4981854e+08 | V46: 0.56815434 | W46: 51 | X46: 3.2447985e+08 | Y46: 0.51552494 | Z46: 53 | AA46: 3.2701814e+08 | AB46: 0.52732913
A47: YP_001224480.1 | B47: SynWH7803_0757 | C47: MIVVKLTSCLLAAALATSTVELIPAPSVRAESLLSQATEAPRTGLSPRQATEAATALLQAIQTKNAAGIYALLSSPLQAATTAEAVAKRLESAPGIETFRVVAVNPGMDDTTVDTVAITNGGTREVPLMLVLDDDGKLLAWKWVGTMRPIEQTALNFVKDLDAGRWVAARYYLDLDFQKEISPADLQRKWTKLETVLGGVKRIKSALVASQGGEQQLVLVTIEFGKVTDNLFVIFNRQGRIINVDFSADLV | D47: hypothetical protein SynWH7803_0757 | E47: Photosynthesis | I47: -1.2375022 | J47: 0.29087467 | K47: 20 | L47: 77588147 | M47: 0.19713248 | N47: 16 | O47: 53146945 | P47: 0.13621595 | Q47: 18 | R47: 77459329 | S47: 0.19969482 | T47: 22 | U47: 61288329 | V47: 0.1554582 | W47: 17 | X47: 61034928 | Y47: 0.15144423 | Z47: 22 | AA47: 60920333 | AB47: 0.1534209
A48: YP_001224936.2 | B48: SynWH7803_1213 | C48: MTGLRTIADSKRAFHAAFPYVIPSLYRRTADELLVELHLLSHQTQFKTNALFAVGLRQVFTAFTKGYRPADHLPQLFDALCSCNGFNAEELKSLAEGSEQAVSGHSVDEVQTWLQAKGDGAPGPLATGLADIAGEQFHYSRLMAVGLFSLLSSAQGDSQDPEELCKTAHTIGEQIGLSRPRLEKDLSLYRNNLEKMAQAVELMEETLASERRKRERQASENKQPQD | D48: Thf1-like protein | E48: Photosynthesis | I48: -1.2537235 | J48: 0.2190944 | K48: 20 | L48: 36232557 | M48: 0.10224147 | N48: 11 | O48: 26506441 | P48: 0.075451233 | Q48: 21 | R48: 37518333 | S48: 0.10742414 | T48: 17 | U48: 30127754 | V48: 0.084872676 | W48: 12 | X48: 28727674 | Y48: 0.079166242 | Z48: 15 | AA48: 28040436 | AB48: 0.07842821
A49: YP_001225848.1 | B49: SynWH7803_2125 | C49: MSLSSSSNDPLANVPSDRLWLRSELMGTQVITRDTGRRLGVVGEVIVDIDGREVVALGLRDNPLTRFLPGLPRWMPLDRIRQVGDVILVDSADSLSEAFSPERYSRVINCQVITESGQQLGRVLGFSFDIETGELTTLVTGAVGVPLLGEGVLSTWEIPVEEIVSSGADRIIVYEGAEDKLKQLNSGFLEKLGVGGPSWEEQERERYRVNVVPVENQLSSGQSAEDTPRQLEASSSQRFDADQAELEYVELEQPRQDEVRRRRYLDELPLEEESGRYEPQERYQPQERYQPQERYESEERYEPQERYEQPRNDPPRDVDQDRDFDRRPSQFDETPPQPRPDRRPRPASRRPIERPGEPLDVEPMDQEPQPRSPREPMDDPW | D49: hypothetical protein SynWH7803_2125 | E49: Photosynthesis | H49: Function unknown | I49: -1.2900554 | J49: 0.027992881 | K49: 18 | L49: 11027952 | M49: 0.018458925 | N49: 12 | O49: 14393431 | P49: 0.024303159 | Q49: 13 | R49: 12203965 | S49: 0.020727302 | T49: 8 | U49: 10201806 | V49: 0.017047538 | W49: 8 | X49: 12112073 | Y49: 0.01979892 | Z49: 10 | AA49: 9259800.1 | AB49: 0.015362879
A50: YP_001224205.1 | B50: SynWH7803_0482 | C50: MFDSFLNKLHQGIHQRGGQPAAVPEGLEHCHSSKSGGSIDSWLWSVPGFRRWRVTRLDAGESLQVLNSVAYPDHSLDHPLMGVDLLWFGARQKLVAVLDFQPLIQDQDYLDRHFQGLKALHERFPELNGEETMRSFDPNQYFSPWLLFCRGGAQEAEESLPAAFDAFLTAYWAMHDQALDVEAAGTSASTLSINDVERLQEAYDVYSAERDPAHGLFTSHFGKDWSDRFLHEFLFPASQST | D50: dihydrobiliverdin:ferredoxin oxidoreductase | E50: Photosynthesis | I50: -1.3360497 | J50: 0.30043988 | K50: 4 | L50: 4672234.5 | M50: 0.012363577 | N50: 3 | O50: 2818342.1 | P50: 0.0075231553 | Q50: 3 | R50: 4578899.1 | S50: 0.012294499 | T50: 4 | U50: 3370519.5 | V50: 0.0089040865 | W50: 2 | X50: 2761271.2 | Y50: 0.0071357567 | Z50: 2 | AA50: 3681192.8 | AB50: 0.0096553384
A51: YP_001225370.1 | B51: SynWH7803_1647 | C51: MTIAVGRAPQRGWFDVLDDWLKRDRFVFVGWSGILLFPTAYLAIGGWLTGTTFVTSWYTHGIASSYLEGCNFLTAAVSTPADAMGHSLLLLWGPEAQGDFVRWCQLGGLWAFVALHGAFALIGFMLRQFEIARLVGIRPYNAIAFSGPIAVFVSVFLMYPLGQSSWFFAPSFGVAAIFRFLLFLQGFHNWTLNPFHMMGVAGILGGALLCAIHGATVENTLFEDGEQANTFKAFEPTQEEETYSMVTANRFWSQIFGIAFSNKRWLHFFMLFVPVMGLWTSSIGIIGLALNLRAYDFVSQEIRAAEDPEFETFYTKNILLNEGLRAWMAPADQPHENFVFPEEVLPRGNAL | D51: photosystem II D2 protein | E51: Photosynthesis | I51: -1.4236158 | J51: 0.39390306 | K51: 11 | L51: 29482422 | M51: 0.053566414 | N51: 6 | O51: 14525029 | P51: 0.026621546 | Q51: 10 | R51: 30264746 | S51: 0.055795183 | T51: 9 | U51: 19687875 | V51: 0.035710942 | W51: 6 | X51: 11800219 | Y51: 0.020937796 | Z51: 9 | AA51: 24914101 | AB51: 0.044867729
A52: YP_001224507.1 | B52: SynWH7803_0784 | C52: MATAIRSGRIGGWERFCQWVTDTNNRIYVGWFGVLMIPCLLAATTCFIVAFIAAPAVDIDGIREPVAGSLIYGNNIISGAVVPSSNAIGLHFYPIWEAASLDEWLYNGGPYQLVVFHFLIGISAYMGRQWELSYRLGMRPWICVAYSAPLSAAFAVFLVYPFGQGSFSDGMPLGISGTFNFMLVFQAEHNILMHPFHMLGVAGVFGGSLFSAMHGSLVTSSLVRETTEAESQNYGYKFGQEEETYNIVAAHGYFGRLIFQYASFNNSRSLHFFLAAWPVVGIWFTSMGISTMAFNLNGFNFNQSVLDAQGRVLNTWADVLNRANLGMEVMHERNAHNFPLDLAATESTPVALQAPTIG | D52: photosystem II protein D1 | E52: Photosynthesis | I52: -1.4789189 | J52: 0.20181005 | K52: 6 | L52: 17132538 | M52: 0.030519345 | N52: 5 | O52: 12004108 | P52: 0.021570997 | Q52: 7 | R52: 18898763 | S52: 0.034159943 | T52: 5 | U52: 11972433 | V52: 0.021291632 | W52: 4 | X52: 7887533.3 | Y52: 0.013721645 | Z52: 6 | AA52: 15121297 | AB52: 0.02669943
A53: YP_001225878.1 | B53: SynWH7803_2155 | C53: MTLEIPDALSFFRLSCGQWRSQRSVHHLLHRRAEAGGSLIVVDDLLPTDDRLVAMARQHGQDPARIIGGSHVRWSANMAWDRDGDAHDGETCFALIADADAERSGTLLRDQGYAEKAPATSTFSMDDRDGLILRTSYEMMTVWERFSFNGPNVRVRSSTVEGLSNNASFCVETRLSDAAPRGAASASGPVNSLFGW | D53: putative phycoerythrin linker protein CpeS-like protein | E53: Photosynthesis | I53: -1.4841949 | J53: 0.006391383 | K53: 5 | L53: 1199473.7 | M53: 0.003902754 | N53: 3 | O53: 1253316.7 | P53: 0.0041136573 | Q53: 4 | R53: 1198192.4 | S53: 0.0039558268 | T53: 3 | U53: 908611.66 | V53: 0.0029514254 | W53: 2 | X53: 838119.77 | Y53: 0.0026631647 | Z53: 3 | AA53: 911802.2 | AB53: 0.0029406311
A54: YP_001224520.1 | B54: SynWH7803_0797 | C54: MERNSAQDSWFQGSAARAIHEEQLAKVERFNGRAAMLGFVIGVITEGLTGQGILHQIGLGPLVDGYAACSAQYLPFCF | D54: high light inducible protein | E54: Photosynthesis | I54: -1.8586105 | J54: 0.059971264 | K54: 2 | L54: 580393.01 | M54: 0.0047453046 | N54: 1 | O54: 612196.26 | P54: 0.0050491635 | Q54: 2 | R54: 728976.41 | S54: 0.0060476362 | T54: 1 | U54: 479741.09 | V54: 0.0039158125 | W54: 0 | X54: 421894.56 | Y54: 0.0033686612 | Z54: 1 | AA54: 212363.5 | AB54: 0.0017210015
A55: YP_001224400.1 | B55: SynWH7803_0677 | C55: MANETMGIALGMIETRGLVPAIEAADAMTKAAEVRLIGREFVGGGYVTVLVRGETGAVNAAVRAGADACERVGDGLVAAHIIARPHREVEPALGNGNFLGQKD | D55: carboxysome shell peptide | E55: Carbon fixation | H55: Secondary metabolites biosynthesis, transport and catabolism; Energy production and conversion | I55: 1.1406519 | J55: 0.032762205 | K55: 39 | L55: 3.5790258e+08 | M55: 2.2159713 | N55: 37 | O55: 3.8512973e+08 | P55: 2.4054326 | Q55: 43 | R55: 3.6763251e+08 | S55: 2.3096357 | T55: 40 | U55: 4.3359267e+08 | V55: 2.6801202 | W55: 39 | X55: 5.1301744e+08 | Y55: 3.102008 | Z55: 40 | AA55: 4.2967604e+08 | AB55: 2.6369378 | AC55: 9.4637097 | AD55: 9.013809 | AE55: 9.4007453 | AF55: 9.727252 | AG55: 9.9592241 | AH55: 9.3991094
A56: YP_001224407.1 | B56: SynWH7803_0684 | C56: MAASAPAAAAPASAAPASAAPAASTIPAASSGSSSSGSAASRSSAGRSSTTTRRSTTSNRAAAGSGGRGSVAKPGPASPAPAAQPVQGIALGMIETRGMVPAIEAADAMTKAAEVTLISREYVGGGYVTVMVRGETGAVNASVRAGADACERVGDGLVAAHIIARPHQEVEPALIPTHVRRRG | D56: carboxysome shell peptide, CsoS1 | E56: Carbon fixation | H56: Secondary metabolites biosynthesis, transport and catabolism; Energy production and conversion | I56: 1.0401151 | J56: 0.61860833 | K56: 14 | L56: 1.0120973e+08 | M56: 0.35270184 | N56: 11 | O56: 93588426 | P56: 0.32899888 | Q56: 14 | R56: 95160556 | S56: 0.33649039 | T56: 13 | U56: 1.0570031e+08 | V56: 0.3677348 | W56: 13 | X56: 1.2339118e+08 | Y56: 0.419934 | Z56: 13 | AA56: 99697588 | AB56: 0.34437335 | AC56: Av= | AD56: 9.2927546 | AF56: Av= | AG56: 9.6951952 | AI56: Difference | AJ56: 104.33069
A57: YP_001224868.1 | B57: SynWH7803_1145 | C57: MALVPLRLLLDHAAENGYGIPAFNVNNLEQVQAIMEAADETDSPVILQASRGARNYAGEIFLRHLILAATETYPHIPVVMHQDHGNAPDTCYSAAINGFTSVMMDGSLEADAKTPASYEYNVAVTKQVVNFAHSVGVSVEGELGCLGSLETGKGEAEDGHGFEGELSKDMLLTDPAEAADFVAKTKCDALAIAIGTSHGAYKFTRKPTGEVLAISRIAEIHKAIPNTHLVMHGSSSVPQEWLEMINKHGGSIPETYGVPVEEIQEGIRNGVRKVNIDTDNRLAFTAAVREAAMADPANFDPRHFNKPARKYMKQVCLDRYQQFWAAGNASKIKQASITHYAGLYAKGALDPKAAVAA | D57: fructose-1,6-bisphosphate aldolase | E57: Carbon fixation | H57: Carbohydrate transport and metabolism | I57: 1.0027909 | J57: 0.94860208 | K57: 31 | L57: 1.846402e+08 | M57: 0.32983337 | N57: 21 | O57: 1.5289875e+08 | P57: 0.27552378 | Q57: 33 | R57: 1.9889957e+08 | S57: 0.36052253 | T57: 28 | U57: 2.0639963e+08 | V57: 0.36808683 | W57: 29 | X57: 2.0288745e+08 | Y57: 0.35394435 | Z57: 27 | AA57: 1.7449216e+08 | AB57: 0.30896102 | AC57: Dev= | AD57: 0.24361681 | AF57: Dev= | AG57: 0.28143004 | AI57: T-test | AJ57: 0.13441898
A58: YP_001224404.1 | B58: SynWH7803_0681 | C58: MVRSMPFRGGRPQAPTAPTRRQLASQEGSASTSTGASIPLTRSATRSSALQRRQALTTAGKAAVVNSGSVTAGRVRNQQDRPARSSQQPSWVKKSSQSTSTPVNLSRSSLPWTVEVHPLTDQQLNDQLQSYEHEVKGRFDRIVPVLKQVSVLQHEPDFITQAQRLARSELGFDLPDHILEQSWVRPLDMRALFAWCVFQSHQQFSDHFFQEDPLHGAAGSANAEAFEAFLLECGFHLLDVSPCADGRLAHTIAYALRIPFSAVRRRSHAGAMFDVENTVNRWVKTEHRRFREQVPNEAHADTRYLKVVAYHFSSVDPLHQGCAAHGSDDSLAASSGLRRLLDFKEAVENSFCCGASVDLLLIGLDTDTDAIRVHVPDQSGEIRLDQWLCAKALYDSTVSMTPQQAHEAVEASVKTHVASAPAAGMVRFISRLLMNNFSQQDYVRSQHRGPYPDAGHAERFIGVGIGFKEVHLRNLTYFAHLDTVEQGAPDLDVGVKIFKGLNVSRDLPIPVVVRFDYSGKVPGARDRAIADCHRIQSAIHDRYSPLVSQGLLHTLLTVRDRDQPHSAVVVGSTLDPVQQEAH | D58: carboxysome shell polypeptide, CsoS3 | E58: Carbon fixation | I58: -1.0268248 | J58: 0.8774364 | K58: 41 | L58: 63083578 | M58: 0.069124159 | N58: 26 | O58: 52368380 | P58: 0.057885463 | Q58: 37 | R58: 54745762 | S58: 0.060868739 | T58: 38 | U58: 58647969 | V58: 0.064156338 | W58: 31 | X58: 60782382 | Y58: 0.065043326 | Z58: 36 | AA58: 61198141 | AB58: 0.066467788
A59: YP_001224403.1 | B59: SynWH7803_0680 | C59: MARLSSRELALERRKALTTSGKKSSVAAGDGANRVRTAADARPTRTDAAAAVEPTAPAAAAPAKSSVSFTPASPSRHSQVKPQRHPSRDLVLARREALSRRGKIADTSRDRNRADVARQTQPAQAVPAAEPTKSCGCGGQRAAEKTALSVPAPKLSARTERRSATPKRRAIENPSRALVLARREAMSKHGKTAGKQPTSAAAVARQANPDLTSRELAQQVRELRAKAGARNKQSAGVTRPTGPNRHGAKQAAAADAHWKVGESTTSSGQTVTGTQANRSVKTTGNEASTCRSITGTEYLGAEVFQTFCQQAPEPTTPAKVRITATSHGNRVTGNEVGRSEKVTGDEPGTCKNVTGTEYISANQSAAYCGSGVTSPRKVGHSLTEQGRPVSGVMVGRSASVTGDEAGSGRSLTGDQYLGSDPLPDGRPAAKVGLSGTLSGTGVTGTMVGRSAQVTGDEFGSCHRVTGDQYISAEQVNAFCGGKPEPEAAKVGFSITNRNQVVSGTRTGRSERVTGDEPGSCQAVTGTPYAGLEQAGQHCGTPAVQAIRERTPVRPGTPSAAMTGIQPGVGGVMTGDEKGACEAITGTPYVGADQLATACGNDAPAGTESHGQSPEGAAWTRFSVMSPARAAQQQRDSRGAVTGTSYEQGNRITGPFDMAGGKVTGTEQFRFDNREFQRRQFQPTVAVVSEPDEKPASRVTGEGSSTKITGDDWDRGEHVTGTEGASARRRNPTRPGPMSAMAPYERKRNQENEWPVSRVTGSSGNTEKGSLITVSGGARG | D59: carboxysome shell polypeptide, CsoS2 | E59: Carbon fixation | I59: -1.0380381 | J59: 0.49450818 | K59: 78 | L59: 5.3732391e+08 | M59: 0.43988103 | N59: 58 | O59: 5.4273781e+08 | P59: 0.44820427 | Q59: 80 | R59: 5.3896295e+08 | S59: 0.44770119 | T59: 67 | U59: 5.4299736e+08 | V59: 0.44378215 | W59: 67 | X59: 6.1968746e+08 | Y59: 0.49543109 | Z59: 75 | AA59: 5.324721e+08 | AB59: 0.43207126
A60: YP_001224401.1 | B60: SynWH7803_0678 | C60: MSKKYDAGVKEYRDTYWTPDYVPLDTDLLACFKCTGQEGVPKEEVAAAVAAESSTGTWSTVWSELLTDLDFYKGRCYRIEDVPGDKESFYAFIAYPLDLFEEGSITNVLTSLVGNVFGFKALRHLRLEDIRFPMAFIKSCYGPPNGIQVERDRMNKYGRPLLGCTIKPKLGLSGKNYGRVVYECLRGGLDFTKDDENINSQPFQRWQNRFEFVAEAIKLSEQETGERKGHYLNVTANTPEEMYERAEFAKELGMPIIMHDFITGGFTANTGLSKWCRKNGMLLHIHRAMHAVIDRHPKHGIHFRVLAKCLRLSGGDQLHTGTVVGKLEGDRQTTLGYIDQLRESFVPEDRSRGNFFDQDWGSMPGVFAVASGGIHVWHMPALVTIFGDDSVLQFGGGTHGHPWGSAAGAAANRVALEACVKARNAGRHLEKESRDILMEAGKHSPELAIALETWKEIKFEFDTVDKLDVQN | D60: ribulose bisophosphate carboxylase | E60: Carbon fixation | H60: Carbohydrate transport and metabolism | I60: -1.0716965 | J60: 0.46697095 | K60: 183 | L60: 2.020183e+09 | M60: 2.7353086 | N60: 119 | O60: 1.9211328e+09 | P60: 2.6239758 | Q60: 174 | R60: 1.8014411e+09 | S60: 2.4749473 | T60: 115 | U60: 1.9275738e+09 | V60: 2.6055516 | W60: 105 | X60: 1.9772114e+09 | Y60: 2.6144492 | Z60: 117 | AA60: 1.9194027e+09 | AB60: 2.5759723
A61: YP_001225023.1 | B61: SynWH7803_1300 | C61: MDRTLIQEILEVVEQAAIASARLTGLGKKDEADAAAVEAMRQRMGQIEMQGRIVIGEGERDEAPMLYIGEEVGSGSGAGVDFAVDPCEGTNLCANNQRGSMAVLAASDRGGLFNAPDFYMKKLAAPPAAKGKVDIRKSATENIKILSECLGMAASELTIVVMDRARHKDLIAEIRATGARVQPISDGDVQAAIACGFAGTGTHCLMGIGAAPEGVISAAAMRALGGHFQGQLVYDPAVAQTKEWADLTKEGNLARLAEMGIADPDKIYEAEELASGEHVVFAGSGITDGLLFHGVKFESDCTRTSSLVISNLDNTCRFTNTVHIKDGAQSIALS | D61: fructose 1,6-bisphosphatase II | E61: Carbon fixation | H61: Carbohydrate transport and metabolism | I61: -1.0822139 | J61: 0.84109902 | K61: 62 | L61: 2.5318936e+08 | M61: 0.48343213 | N61: 40 | O61: 1.5406489e+08 | P61: 0.29674306 | Q61: 59 | R61: 2.8232023e+08 | S61: 0.54696851 | T61: 47 | U61: 2.5278258e+08 | V61: 0.48184821 | W61: 50 | X61: 2.1003634e+08 | Y61: 0.39164806 | Z61: 44 | AA61: 2.2794689e+08 | AB61: 0.43140302
A62: YP_001224405.1 | B62: SynWH7803_0682 | C62: MLIVKVIKPLVSTNRIPDFEHKHLQVVQDGSTKKVAVDAVGAKPGDWVICVSSSAAREAAGSKSYPSDLTIVGIIDHWEPDPPKSPATPSAPTTPSTPAPPSAPPGNSSGGQSA | D62: carboxysome peptide A | E62: Carbon fixation | H62: Secondary metabolites biosynthesis, transport and catabolism; Energy production and conversion | I62: -1.0852969 | J62: 0.56349266 | K62: 3 | L62: 1562036 | M62: 0.0087382149 | N62: 1 | O62: 1409156.3 | P62: 0.0079520241 | Q62: 0 | R62: 1303585.4 | S62: 0.007399484 | T62: 0 | U62: 1440373.8 | V62: 0.0080441459 | W62: 0 | X62: 1678481.7 | Y62: 0.0091697979 | Z62: 0 | AA62: 1186930.8 | AB62: 0.0065813734
A63: YP_001226074.1 | B63: SynWH7803_2351 | C63: MAKRSLASLNAGDLSGKRVLVRVDFNVPLNDAGAITDDTRIRAALPTINDLIGKGAKVILSAHFGRPKGQVNDAMRLTPVAARLSELLGKPVAKTDSCIGPDAEAKVGAMADGDVVLLENVRFFAEEEKNEAGFAEKLAGLAEVYVNDAFGAAHRAHASTEGVTKFLKPAVAGFLMEKELQYLQGAVDEPKRPLAAIVGGSKVSSKIGVLEALIDKCDKVLIGGGMIFTFYKARGLSVGKSLVEEDKLELAKELEAKAKAKGVELLLPTDVVLADNFAPDANSQVADVTAIPDGWMGLDIGPDAVKVFQAALADCQTVIWNGPMGVFEFEKFATGTNAIATTLAELSAKGCCTIIGGGDSVAAVEKAGLAEKMSHISTGGGASLELLEGKVLPGVAALNDAA | D63: phosphoglycerate kinase | E63: Carbon fixation | H63: Carbohydrate transport and metabolism | I63: -1.1057944 | J63: 0.28874347 | K63: 38 | L63: 1.6144724e+08 | M63: 0.2561186 | N63: 30 | O63: 1.5140382e+08 | P63: 0.24228924 | Q63: 38 | R63: 1.7045641e+08 | S63: 0.27438102 | T63: 40 | U63: 1.6674608e+08 | V63: 0.26408221 | W63: 33 | X63: 1.5728964e+08 | Y63: 0.24368123 | Z63: 38 | AA63: 1.4907668e+08 | AB63: 0.23441189
A64: YP_001223752.1 | B64: SynWH7803_0029 | C64: MTLRVAINGFGRIGRNVMRGWLSRGADTGLEIVGMNSTSDPKTSAHLLTYDSILGHIDRSVQIETTDDTMIVNGKEIKFFADRNPLNCPWKDWGVDLVIESTGVFNTDEKASMHLEAGASKVILTAPGKGDGVGTFVVGVNDDQYRHEDWKILSNASCTTNCLAPIVKVLDQSFGLDWGLMTTIHSYTGDQRILDNSHRDLRRARAAALNMVPTTTGAAKAVALVYPEVKGKLTGFAMRVPTPNVSAVDLTFGPSRATTVDEVKAVIKAASENGMKGIIKYSDLPLVSTDYAGTNESTIFDADLTYAMGDKAVKILAWYDNEWGYSQRVVDLAEVVARNWK | D64: glyceraldehyde-3-phosphate dehydrogenase | E64: Carbon fixation | H64: Carbohydrate transport and metabolism | I64: -1.1069574 | J64: 0.40720994 | K64: 63 | L64: 4.9741024e+08 | M64: 0.93024399 | N64: 33 | O64: 4.3250929e+08 | P64: 0.81595164 | Q64: 65 | R64: 5.2658621e+08 | S64: 0.9992678 | T64: 53 | U64: 5.0549994e+08 | V64: 0.94379203 | W64: 36 | X64: 4.5040046e+08 | Y64: 0.8226071 | Z64: 42 | AA64: 4.6777711e+08 | AB64: 0.86712273
A65: YP_001224874.1 | B65: SynWH7803_1151 | C65: MSKRHPVVAVTGSSGAGTSTVKRAFEHIFARESITPAVVEGDSYHRFERMEMKKAMAEALSKGENFSHFGPEANLFDKLEELFRVYGETGGGQKRYYLHSPEEAAEHNARLGVELDPGQFTPWEDIPSGTDLLFYEGLHGGVQGESYDVAALADLLVGVVPITNLEWIQKIHRDNAERGYSAEAIVDTILRRMPDYINHICPQFSRTDINFQRVPTVDTSNPFICRNIPTPDESFVIIHFRKGAREKWGIDFSYLLSMIHDSFMSSPTSIVVNGGKMGFAMELILTPIIHRMIEEKKKLG | D65: phosphoribulokinase | E65: Carbon fixation | H65: Energy production and conversion | I65: -1.1250709 | J65: 0.43219328 | K65: 31 | L65: 1.0840916e+08 | M65: 0.23045241 | N65: 24 | O65: 87046734 | P65: 0.18666143 | Q65: 30 | R65: 1.1261853e+08 | S65: 0.24291559 | T65: 27 | U65: 1.0409143e+08 | V65: 0.22090386 | W65: 27 | X65: 92238597 | Y65: 0.19148707 | Z65: 28 | AA65: 1.0030248e+08 | AB65: 0.21134227
A66: YP_001224402.1 | B66: SynWH7803_0679 | C66: MPFQSTVGDYQTVATLETFGFLPPMTQDEIYDQIAYIIAQGWSPLVEHVHPSNSMATYWSYWKLPFFGEKDLNVVVSELEACHRAYPDHHVRIVGYDAYTQSQGACFVVFEGR | D66: ribulose bisphosphate carboxylase small subunit | E66: Carbon fixation | H66: Energy production and conversion | I66: -1.1285166 | J66: 0.45662852 | K66: 14 | L66: 96474084 | M66: 0.54446347 | N66: 7 | O66: 1.0800995e+08 | P66: 0.61490593 | Q66: 12 | R66: 74525209 | S66: 0.42676771 | T66: 14 | U66: 84974430 | V66: 0.47876169 | W66: 9 | X66: 98782693 | Y66: 0.54444051 | Z66: 9 | AA66: 85554634 | AB66: 0.47858719
A67: YP_001223918.1 | B67: SynWH7803_0195 | C67: MVAAPASLDTLCINSIRMLAVDAINKSKSGHPGLPMGCAPLGYALWDKFLKHNPKNPKWFNRDRFVLSAGHGCMLLYALLHLTGYDSVSIDDIKQFRQWGSKTPGHPETFETPGVEVTTGPLGAGISNAVGLAIAESHLAAKFNKPGATLVDHYTYVVMGDGCNQEGIASEACSLAGHLKLGKLIALYDDNHITIDGRTDVSFTEDVLKRYEAYGWHVQHVADGNTDVDAIAKAIEAAKAVTDKPSIIKVTTTIGYGSPNKGDTAGVHGAPLGEDETVLTRQQLGWEYGPFEVPQEAYDQFRQAIERGASLEAEWNQTLATYRTQFPAEAAEFERMLRGELPEGWDKDLPTAGPDEKGLATRKHSQICLGALGPNLPELIGGSADLTHSNYTDIKGETGSYQPETPEKRYLHFGVREHAMAAILNGIAYHDSGLIPYGGTFLVFADYMRGSMRLSALSELGVIYVLTHDSIGVGEDGPTHQPIETIPSLRAMPGMLVFRPGDANETSGAYKLAIQNRKRPSALCLSRQGMANQANSSIDKVALGGYVLEDCEGTPDLILIGTGTELDLCVQAAKQLSAEGKKVRVVSMPCVELFDEQSDAYKEEVLPNAVRKRMVVEAAESFGWHRFIGLDGDSVTMNRFGASAPGGTCLKEFGFTVENVVAKSKALLG | D67: transketolase | E67: Carbon fixation | H67: Carbohydrate transport and metabolism | I67: -1.1308041 | J67: 0.39693074 | K67: 98 | L67: 6.614709e+08 | M67: 0.63055236 | N67: 84 | O67: 5.4639197e+08 | P67: 0.5254139 | Q67: 96 | R67: 6.9218016e+08 | S67: 0.66951424 | T67: 80 | U67: 6.2377075e+08 | V67: 0.59361991 | W67: 73 | X67: 5.5188259e+08 | Y67: 0.51376982 | Z67: 80 | AA67: 6.432491e+08 | AB67: 0.60778369
A68: YP_001224846.1 | B68: SynWH7803_1123 | C68: MAGRNWLDTFGRAKSLDVNADLDRGYEAALLIQSLELEYYGDRPIRPDLELSVPSSVQATVLRKFRAAISVCRASLDKLEYQRGELDPQELRQLQLIESVVNRYSPRRTASAPTISRSPDPLPRSLLGIFDTLRRQLNPTAEATLVAGFRRRRDSTLISLKVLLLLILVPLLVQQVSRTYIISPAVDRYAPDLPFLSYPKPQLEEQAVEKLRVYKAEIEFDALLRGDSIPTQEELQKKLSAKAEELKQEADSESTHAVKNVIADLAATVAFVVVCVFSREELRVLRGFFDEAVYGLSDSAKAFAIILFTDIFVGFHSPEGWTVLLDGIANHFGFPARENFILLFIATFPVILATIFKYWIFRYLNRVSPSSVATLRGMNGGG | D68: proton extrusion protein PcxA | E68: Carbon fixation | I68: -1.15134 | J68: 0.70089523 | K68: 4 | L68: 852838.63 | M68: 0.0014237706 | N68: 0 | O68: 441318.04 | P68: 0.00074321023 | Q68: 3 | R68: 685468.92 | S68: 0.0011611577 | T68: 1 | U68: 591620.26 | V68: 0.000986028 | W68: 1 | X68: 865555.08 | Y68: 0.0014111701 | Z68: 1 | AA68: 451344.5 | AB68: 0.0007468627
A69: YP_001225024.1 | B69: SynWH7803_1301 | C69: MSTKSLVVSPSILSADFSRLGEEVKAVDQAGADWIHVDVMDGRFVPNITIGPLIVEALRPVTTKPLDVHLMIVEPEKYVPDFAKAGADIISVQVEACPHLHRNLAQIKDLGKQAGAVLNPSTSLSTLEYCLELCDLVLIMSVNPGFGGQSFIENQVQKIRDLRRMCDEKGLDPWIEVDGGVKGGNAWKVIEAGANAIVSGSGVFNQPDYAAAIQGIRDSKRPEAVLV | D69: ribulose-phosphate 3-epimerase | E69: Carbon fixation | H69: Carbohydrate transport and metabolism | I69: -1.1642349 | J69: 0.30166354 | K69: 8 | L69: 23226836 | M69: 0.065253037 | N69: 6 | O69: 18832392 | P69: 0.053370711 | Q69: 7 | R69: 21623568 | S69: 0.061640803 | T69: 6 | U69: 21348670 | V69: 0.059876244 | W69: 6 | X69: 18837233 | Y69: 0.051681995 | Z69: 5 | AA69: 19176615 | AB69: 0.053400099
A70: YP_001225789.1 | B70: SynWH7803_2066 | C70: MSDLQNQMKQAVADAAVQQFRDGMVVGLGSGSTAALMIKGLGERLAAGQLSDIVGVTTSFQGEVLAAELGIPLRSLNAVDRIDLAIDGADEVDPAFQLIKGGGACHVQEKLVAARADRFIVVVDSTKLVERLNLGFLLPVEVLPGAWVQISQQLKAMGGDAELRMATRKAGPVVTDQGNLVLDVRFEGGIADPASLEKEINNIPGVLENGLFVNLADEVLVGQIDGGVASARSLEKAG | D70: ribose-5-phosphate isomerase A | E70: Carbon fixation | H70: Carbohydrate transport and metabolism | I70: -1.1672388 | J70: 0.38245652 | K70: 20 | L70: 26501938 | M70: 0.071012894 | N70: 12 | O70: 19913034 | P70: 0.053824977 | Q70: 20 | R70: 29700399 | S70: 0.080751782 | T70: 16 | U70: 23202414 | V70: 0.06206772 | W70: 13 | X70: 23681116 | Y70: 0.061968819 | Z70: 18 | AA70: 23939567 | AB70: 0.063582166
A71: YP_001224398.1 | B71: SynWH7803_0675 | C71: MNRFAGFDARERRVGGSALVTGTEVQPSASGASCVVTTDSESSRLTRRNSHVQSIELRTHVFIDSLQPQLAAYMGSVSQGFLPIPGDACLWMEVSPGMAVHRVTDIALKASNVRLGQMVVERAFGSMALYHRDQSTVLHSGDVVLEAIGSSIDQRSPAEVSWTEVIRAITPDHAVLINRQNRRGSMIEAGMSMFILETEPAGYVLIAANEAEKSSNITLVDVKAVGAFGRLTLAGREGDVEEAAAAAMRAIDQVNQRTRLR | D71: hypothetical protein SynWH7803_0675 | E71: Carbon fixation | F71: carboxysomes | I71: -1.1710545 | J71: 0.085231119 | K71: 9 | L71: 10503344 | M71: 0.025663956 | N71: 3 | O71: 10079361 | P71: 0.024843677 | Q71: 7 | R71: 10704934 | S71: 0.026540571 | T71: 7 | U71: 9893591.1 | V71: 0.024133651 | W71: 5 | X71: 10246601 | Y71: 0.024450476 | Z71: 6 | AA71: 8853018.3 | AB71: 0.021441089
A72: YP_001224410.1 | B72: SynWH7803_0687 | C72: MTTTVQPLLQNAAQGLPEQDELVRRLLSDSPLLADTSDHLLQVVNVLESYGLVLDAYSRNLIHQGKTQLLNPFPVMRFFHEGFSVERLWEHLLGDRINFEYAEYCQKAMFWHGTGGMDAYFDTDEFENACQQVIRLRSRRDPLLRLVNALYPGFAPEAIRSMTTIYALGLFWRVMSDVFIDLARRYRIGEVACVLDVVHHIRDGLVAAAGNPITYEVTLGKESVWLLPPKAGLTFLVDVAVPYVEAVFFRGMPFLGTVSYNAQARQISPDQSQFKYGALYADPVPSMGAGIPPSLCMQDMFRNLPDELSSWYESHGRSDADVHVQICVSFQKSMFCVTNAAIAGTMPHPLDSEDPSHQEANRAYAEAWAGRLMGCQRGALL | D72: CO2 hydration protein ChpX | E72: Carbon fixation | I72: -1.1830181 | J72: 0.21206684 | K72: 19 | L72: 22419014 | M72: 0.037525636 | N72: 11 | O72: 18569735 | P72: 0.031354805 | Q72: 19 | R72: 23436963 | S72: 0.039805506 | T72: 13 | U72: 19604283 | V72: 0.032759371 | W72: 11 | X72: 19070441 | Y72: 0.031173371 | Z72: 14 | AA72: 20402443 | AB72: 0.033849571
A73: YP_001225158.1 | B73: SynWH7803_1435 | C73: MRKPVIAGNWKMHMTCAQTRDWMGTFLPLISETPDDRHLVIAPPFTAISTLADVGAGSRVEISSQNVHWEGHGAYTGEISPAMLQEHGVRYAIVGHSEPRKYFSESDEQINHRARSAQAHDLIPIVCVGESDEQRSRGEAERVIRRQVEQGLEGLDPQRLVVAYEPIWAIGTGKTCESAEANRICGLIRSWVGSPDLIIQYGGSVKPANIDELMGMSDIDGVLVGGASLDPEGFARIANYKKG | D73: triosephosphate isomerase | E73: Carbon fixation | H73: Carbohydrate transport and metabolism | I73: -1.3120254 | J73: 0.41816385 | K73: 13 | L73: 12803776 | M73: 0.033602247 | N73: 5 | O73: 6652559 | P73: 0.017611884 | Q73: 14 | R73: 11641235 | S73: 0.03099985 | T73: 9 | U73: 9580815.7 | V73: 0.025101853 | W73: 2 | X73: 7635811 | Y73: 0.019570274 | Z73: 5 | AA73: 8609119.5 | AB73: 0.022394865
A74: YP_001224161.1 | B74: SynWH7803_0438 | C74: MRIPVVSCELLVFDFDGVIVDGMQEYWWSARRAALSLRPGTALPDAIPDGFRALRPWIHHGWEMVLIAALLSEPSQALGAGDLQRVIRDYGAFCSEGLSRFGWTPTLLQERLEHVRREAVASDRARWLAMHRPYPGVPERLASLGDDGVAWAVLTTKGKDFTSELLASMGLTPARLDGRESGPKPEVLLSLQRDWQLKGFIEDRKATLETVRGTAGLEALPCWLASWGYLKPDDPATLPDGVRLLSPECFARPLASWN | D74: HAD family phosphatase | E74: Carbon fixation | F74: Photorespiration | H74: General function prediction only | I74: -1.5192693 | J74: 0.042766711 | K74: 2 | L74: 973626.31 | M74: 0.0024066289 | N74: 1 | O74: 850894.72 | P74: 0.0021216781 | Q74: 3 | R74: 982960.92 | S74: 0.002465377 | T74: 1 | U74: 746903.46 | V74: 0.0018431231 | W74: 0 | X74: 561072.71 | Y74: 0.0013544016 | Z74: 2 | AA74: 685301.95 | AB74: 0.0016790292
A75: YP_001225874.1 | B75: SynWH7803_2151 | C75: MTDAPAGTSEPTAESLEVIRKFAETYAQRTGTYFCSDPGVTAVVLKGLARHKDELGGALCPCRHYEDKEAEVSQAFWNCPCVPMRERKECHCMLFLTEDNPFRGDEQTISTETIHATAG | D75: ferredoxin-thioredoxin reductase catalytic chain | E75: Energy production and conversion | H75: Energy production and conversion | I75: 1.4064017 | J75: 0.06740828 | K75: 1 | L75: 1072972.8 | M75: 0.0057501384 | N75: 0 | O75: 932684.77 | P75: 0.005042098 | Q75: 2 | R75: 912033.47 | S75: 0.0049594167 | T75: 1 | U75: 1262004.3 | V75: 0.0067518604 | W75: 0 | X75: 1931439 | Y75: 0.010108391 | Z75: 0 | AA75: 1320446.9 | AB75: 0.0070140679 | AC75: 3.967917 | AD75: 3.7203788 | AE75: 4.1527869 | AF75: 3.9769022 | AG75: 3.8057786 | AH75: 3.8256164
A76: YP_001225997.1 | B76: SynWH7803_2274 | C76: MAETLLKSTTRHIRLFTARVENGDLVPDPEQLTLDLDPDNEFLWTEGTVTTIQTRFRDLVESYAGQPLNDYNLRRIGTELEGSIRELLQAGSLTYNPDCRVMNYSMGLPRTPELL | D76: hypothetical protein SynWH7803_2274 | E76: Energy production and conversion | G76: proton-pumping NADH:ubiquinone oxidoreductase | I76: 1.2513777 | J76: 0.11921484 | K76: 0 | L76: 359183.98 | M76: 0.0019918455 | N76: 1 | O76: 409058.74 | P76: 0.0022882907 | Q76: 2 | R76: 293999.65 | S76: 0.0016543057 | T76: 0 | U76: 415406.63 | V76: 0.002299774 | W76: 0 | X76: 542038.9 | Y76: 0.0029354901 | Z76: 0 | AA76: 492006.32 | AB76: 0.0027043869 | AC76: Av= | AD76: 3.9470276 | AF76: Av= | AG76: 3.8694324 | AI76: Difference | AJ76: 98.034086
A77: YP_001225716.1 | B77: SynWH7803_1993 | C77: MQPGDKVVVASSVVVYNHPEHRGTSFDLQGSEGEVVTVLTEWKGRPISPTLPVIVAFGRYKAHFRSDELQVAS | D77: ferredoxin-thioredoxin reductase, variable chain | E77: Energy production and conversion | I77: 1.1929908 | J77: 0.20466314 | K77: 2 | L77: 3407732.7 | M77: 0.029770025 | N77: 1 | O77: 2728307.5 | P77: 0.024043286 | Q77: 2 | R77: 3950945.1 | S77: 0.035022321 | T77: 2 | U77: 4151728.2 | V77: 0.036208925 | W77: 2 | X77: 4399286.6 | Y77: 0.037532493 | Z77: 1 | AA77: 4509310.9 | AB77: 0.039046606 | AC77: Dev= | AD77: 0.21695963 | AF77: Dev= | AG77: 0.093598599 | AI77: T-test | AJ77: 0.59991218
A78: YP_001225742.1 | B78: SynWH7803_2019 | C78: MPLPLFASEGGFGLNLNLFETNLINLVIVIGVLYWFLKGFLGGILERRRQAILKDLEDSEGRLRQATTDLARAQEDLAAAQQKAEKIRSDGKARAEAIRKDGEMRTINAMAAVKQDALADLNAEGARLTEQLRREAALAAIDKVMTELPGRLDQAGQSRLIDASISNLEDA | D78: F0F1 ATP synthase subunit B | E78: Energy production and conversion | H78: Energy production and conversion | I78: 1.1661213 | J78: 0.19434638 | K78: 7 | L78: 11920652 | M78: 0.044457027 | N78: 7 | O78: 14764942 | P78: 0.055546796 | Q78: 7 | R78: 12314295 | S78: 0.046599391 | T78: 6 | U78: 14902815 | V78: 0.055485789 | W78: 6 | X78: 20360638 | Y78: 0.074155484 | Z78: 5 | AA78: 14222461 | AB78: 0.052574435
A79: YP_001224438.1 | B79: SynWH7803_0715 | C79: MTTSTDRKGPNIKAILIISIGVALNTALAAQMAQWSYSWFPPQASSAAPYVDDLFALETAIGSFLWFGLTAVIAWTLLFNRAPKYDESYGEPIEGNNRLEITWTIIPTVIVFAIAIYSMQVNDKLDALGPKHKYAIGTDPVAVAEVDPRATVGPIDVISRQWSWEFIYPDGTRSSELHLPVDQRVNFRLISEDVNHSFYVPAFRLKQDIIPGSVISYSLTPTKQGRFRLRDAMFSGAYFSQNQTDVIVESEDSYNQWLAATAKQPLQPGLSPGNELYAKRLANGNKGWATVPPAPPPMVNDPGDASIPHDA | D79: cytochrome c oxidase subunit II | E79: Energy production and conversion | H79: Energy production and conversion | I79: 1.1343919 | J79: 0.57785309 | K79: 1 | L79: 1681331.3 | M79: 0.0034476997 | N79: 0 | O79: 415715.19 | P79: 0.00085992162 | Q79: 2 | R79: 1726771.4 | S79: 0.0035928679 | T79: 1 | U79: 1675105.3 | V79: 0.0034291881 | W79: 1 | X79: 1316027.5 | Y79: 0.0026354367 | Z79: 1 | AA79: 1750269.3 | AB79: 0.0035574635
A80: YP_001225743.1 | B80: SynWH7803_2020 | C80: MTWLLLAEAGVPEGGLFDLDATLPLMAVQVVLLTFLLNSLFFRPVGKVVEDREGYIATSRAEAKQKLEQINRLEADLQDQLRGARQAAQSAIVEAEQEVDRLYREALAEAEAEANRTREKARREIESQRESAQAQLMSQVDQLSAQIINRLLAA | D80: F0F1 ATP synthase subunit B' | E80: Energy production and conversion | H80: Energy production and conversion | I80: 1.0720488 | J80: 0.44101503 | K80: 5 | L80: 5222273.9 | M80: 0.021625963 | N80: 2 | O80: 5118971.4 | P80: 0.021383823 | Q80: 4 | R80: 5303362.1 | S80: 0.022284215 | T80: 5 | U80: 5362994.6 | V80: 0.022171558 | W80: 5 | X80: 7381271.8 | Y80: 0.029850973 | Z80: 4 | AA80: 5570521.5 | AB80: 0.022864995
A81: YP_001225739.1 | B81: SynWH7803_2016 | C81: MANLKEIRDRIKSVKNTRKITEAMRLVAAAKVRRAQEQVLRSRPFADRLARLLENLQARMRFEDADAPLLEDRPLETVTLMAVTGDRGLCGGYNANIIKRTEQRFEELQSKGYKVNLVLIGRKAISYFTNRSYPIQATFTGLEQVPTADEAGSVANEVFAEFLSETTDRVEIIFTKFINLVSCKPVVQTLLPLDPQGIADADDEIFRLTTKDGDLRVETGSAPANAQPELSSEIVFEQSPDQLLNALLPLYLQNQVLRSLQEAAASELASRMTAMNNASDNAKALAKTLTLDYNKARQAAITQEILEVAGGAAAVG | D81: F0F1 ATP synthase subunit gamma | E81: Energy production and conversion | H81: Energy production and conversion | I81: 1.06143 | J81: 0.56317584 | K81: 30 | L81: 1.1303391e+08 | M81: 0.22811729 | N81: 17 | O81: 93281016 | P81: 0.189902 | Q81: 26 | R81: 1.0434389e+08 | S81: 0.21367156 | T81: 29 | U81: 1.2304875e+08 | V81: 0.24791323 | W81: 19 | X81: 1.206483e+08 | Y81: 0.23778374 | Z81: 23 | AA81: 1.1497013e+08 | AB81: 0.22998204
A82: YP_001225723.1 | B82: SynWH7803_2000 | C82: MAAAAPASAGTKGVVRQVIGPVLDVEFPAGKLPKILNALRIEGTNTAGQPVALTAEVQQLLGDHRVRAVAMSGTDGLVRGMEALDTGAPISVPVGEATLGRIFNVLGEPVDEQGPVNASATAPIHRSAPKLTELETKPKVFETGIKVIDLLAPYRQGGKVGLFGGAGVGKTVLIQELINNIAKEHGGVSVFGGVGERTREGNDLYEEFKDSGVINAEDLSKSKVALCYGQMNEPPGARMRVGLSALTMAEHFRDVNKQDVLLFVDNIFRFVQAGSEVSALLGRMPSAVGYQPTLGTDVGELQERITSTLEGSITSIQAVYVPADDLTDPAPATTFAHLDATTVLSRGLASKGIYPAVDPLDSTSTMLQPAVVGEEHYKTARAVQSTLQRYKELQDIIAILGLDELSEDDRRTVDRARKIEKFLSQPFFVAEIFTGMPGVYVKLEETIAGFNQILAGELDHLPEQAFYLVGNIDQVKAKAEKIAAEAK | D82: F0F1 ATP synthase subunit beta | E82: Energy production and conversion | H82: Energy production and conversion | I82: 1.0281868 | J82: 0.73948567 | K82: 68 | L82: 6.1689795e+08 | M82: 0.80783171 | N82: 58 | O82: 5.7260189e+08 | P82: 0.75639244 | Q82: 74 | R82: 6.521066e+08 | S82: 0.86647577 | T82: 64 | U82: 7.0732181e+08 | V82: 0.9246932 | W82: 58 | X82: 6.7337674e+08 | Y82: 0.86114674 | Z82: 61 | AA82: 6.6934356e+08 | AB82: 0.86879259
A83: YP_001225741.1 | B83: SynWH7803_2018 | C83: MPLLNTLATPYAEALLQVTDGRSESDDVAAQCKELLAVWDSSTALRDAMTSPVLEPAAKKQALAQLLAEQIKPSLMNLLKVLADRQRLTALDAVLRRYLELYRESRNISLAHVRCAQALSDDQTKALTAKVQSMVGTGSVEIDLTIDASLIGGFVINIGSQVIDASLSGQVRRLGLSLAKAS | D83: F0F1 ATP synthase subunit delta | E83: Energy production and conversion | H83: Energy production and conversion | I83: 1.0147811 | J83: 0.87992972 | K83: 12 | L83: 29928851 | M83: 0.10487095 | N83: 7 | O83: 29076692 | P83: 0.10277724 | Q83: 15 | R83: 31485660 | S83: 0.1119459 | T83: 14 | U83: 31166806 | V83: 0.1090261 | W83: 13 | X83: 31788159 | Y83: 0.10877823 | Z83: 15 | AA83: 36496884 | AB83: 0.12675946
A84: YP_001225967.1 | B84: SynWH7803_2244 | C84: MKGRFLVLEGIDGCGKTTQLRQLAEWLPDSGLMPEGATLHLTREPGGTPLGRALRELLLHPPDEAAPCPEAELLMYAADRAQHVQRRILPALACGDWVLSDRFSGSTLAYQGDGRGLDRALILDLERIATAGLVPDVTLWLDLSLEASMARREERTEDRIEAEGQAFLARVADGFRQLAAERGWVGIPAALSPKEVHQAIRLALEGHAALRRR | D84: thymidylate kinase | E84: Energy production and conversion | G84: Nucl Ac | H84: Nucleotide transport and metabolism | I84: 1.0120842 | J84: 0.89953382 | K84: 1 | L84: 264698.11 | M84: 0.00079251549 | N84: 0 | O84: 292164.3 | P84: 0.00088241099 | Q84: 1 | R84: 424730.84 | S84: 0.0012903306 | T84: 1 | U84: 387819.08 | V84: 0.0011592021 | W84: 1 | X84: 331445.62 | Y84: 0.000969127 | Z84: 0 | AA84: 344243.93 | AB84: 0.0010216042
A85: YP_001224348.1 | B85: SynWH7803_0625 | C85: MPTIRFEQEGQQVGCIEGANLRKAALDSGINPYKGLNNLNNCGGVGQCGTCVVEVLEGSQNLSPRSDVEEVYLADRPANYRLSCRTSVNGDVTIRTRPDDGVGKGSNSLLGAVKSLLGR | D85: ferredoxin | E85: Energy production and conversion | H85: Energy production and conversion | I85: -1.0226841 | J85: 0.78082895 | K85: 8 | L85: 23653648 | M85: 0.1267616 | N85: 7 | O85: 25960413 | P85: 0.14034211 | Q85: 8 | R85: 22280334 | S85: 0.12115505 | T85: 6 | U85: 25554391 | V85: 0.13671877 | W85: 7 | X85: 26354680 | Y85: 0.13793002 | Z85: 8 | AA85: 24285917 | AB85: 0.1290041
A86: YP_001224158.1 | B86: SynWH7803_0435 | C86: MPLLLSGRGFRRELESAGCMAVHAPLEGGAETRLLRRLRAAGYRTHLTSARGLGDPEVFLFQKHGVRPPHLGHQSVGRGAAVGEVHDVMPLLGEVFLGDKPVVLWLLEGQVLSRSELLSLCDLCRREPRLKIVVEMGGARSLRWQPMTQLLAA | D86: hypothetical protein SynWH7803_0435 | E86: Energy production and conversion | G86: NADH-quinone oxidoreductase cyanobacterial subunit N | I86: -1.0234807 | J86: 0.76586014 | K86: 3 | L86: 8306689.7 | M86: 0.034623669 | N86: 2 | O86: 7781344.5 | P86: 0.032717987 | Q86: 3 | R86: 9014781.4 | S86: 0.038126818 | T86: 3 | U86: 8709222.2 | V86: 0.036240778 | W86: 2 | X86: 9417882.6 | Y86: 0.03833627 | Z86: 3 | AA86: 8491477.2 | AB86: 0.035082279
A87: YP_001226111.1 | B87: SynWH7803_2388 | C87: MASERTFIAIKPDGVQRGLIGEILGRFERKGFKLVGLKQLTPSRELAEQHYGVHKERPFFAGLVDFITSGPVVAMVWEGDGVIASARKLIGATKPLEAEPGTIRGDLAINIGRNVIHGSDAPETAQFEIGLWFQASELSDWTPSDQGWRTEG | D87: nucleoside diphosphate kinase | E87: Energy production and conversion | G87: Nucl Ac P trans | H87: Nucleotide transport and metabolism | I87: -1.0270986 | J87: 0.77746824 | K87: 9 | L87: 18612754 | M87: 0.078091468 | N87: 10 | O87: 23442845 | P87: 0.099217912 | Q87: 10 | R87: 18327713 | S87: 0.078024588 | T87: 10 | U87: 19879932 | V87: 0.083268527 | W87: 8 | X87: 22817678 | Y87: 0.093492307 | Z87: 9 | AA87: 20982722 | AB87: 0.0872598
A88: YP_001226129.1 | B88: SynWH7803_2406 | C88: MATSVSPAATSTERQMITLPIAEGLCCFRGLSPQRSRFELEYALERGSTANSFLFAAGPDPSGVRQAAVLVHPPGAAYASVFLPVLHQALPDPAAKLVVVVGHVNPNRVALLRDLACAYSGLELVASNAGAKLLRELWSLRRPPAPGDDTPQPPLPDLPEIHVIRQEQTLPVSHGHQLQVLPAPTPRWPGGLLAFEETLGLLMSDKLFSAHICTSAWAESNRSETEEERRHFYDCLMAPMASQVDALVERLEELDIRTVAPGHGPAIDTSWRSLFNDYRRWGESQQQASLSVALLFASAYGNTAAIADALAQGVSRTGVRVTSLNCEFTPADELVRTIQMADGLLIGSPTLGGHAPTPIVSALGTLLAEGDRSKPVGVFGSFGWSGEAIDLLETKLRDGGFRFAFDPIRIKFSPDAATVRTLEETGTRFGRSLRQEQRKQQRRGGGGLRESRSDPAVLALGRVVGSLCVLTTRKGSLSGAMVASWVSQASFTPPGITVAVAKDRAVEALLHKGDRFALNVLAEGRESGPMKQFLQPFEPGADRFEGLDLQLSPSEQPLLPEALAWMDAEVKQRMECGDHWLVYAEVLHGGLFDSEANTAVHHRRSGANY | D88: diflavin flavoprotein A | E88: Energy production and conversion | H88: Energy production and conversion | I88: -1.0333896 | J88: 0.83874252 | K88: 14 | L88: 16757685 | M88: 0.017548228 | N88: 9 | O88: 13940845 | P88: 0.014726352 | Q88: 18 | R88: 18918612 | S88: 0.020101976 | T88: 9 | U88: 17488732 | V88: 0.018283132 | W88: 8 | X88: 16449765 | Y88: 0.016822495 | Z88: 9 | AA88: 18035934 | AB88: 0.018720494
A89: YP_001226130.1 | B89: SynWH7803_2407 | C89: MSTASNPDVLVIAASNGENLKLAQRFVDEAKAQGKSADLLDLTTLDLPLFTPRVKDQGIPDGVRPLHEQLMGAPRWVICAPEYNGSIPPVLTSAIAWLSVQGDDFRALFNGRPVAMASFSGGPGIELLMVLRTQLTHLGAQVVGRTLAGNQNRPPRDSSLQDLLNRLMQMTPLSL | D89: flavoprotein | E89: Energy production and conversion | H89: General function prediction only | I89: -1.0478991 | J89: 0.55325509 | K89: 5 | L89: 7853168.1 | M89: 0.02861827 | N89: 5 | O89: 7725425.3 | P89: 0.028399305 | Q89: 9 | R89: 7759588.6 | S89: 0.028692437 | T89: 6 | U89: 8140701.1 | V89: 0.029616473 | W89: 5 | X89: 8916285.7 | Y89: 0.031731744 | Z89: 4 | AA89: 7149531.9 | AB89: 0.025824715
A90: YP_001225744.1 | B90: SynWH7803_2021 | C90: MSDLTSAASVLAAALAVGLAAIGPGIGQGTAAGQAVEGIARQPEAEGKIRGTLLLSLAFMEALTIYGLVVALVLLFANPFAG | D90: F0F1 ATP synthase subunit C | E90: Energy production and conversion | H90: Energy production and conversion | I90: -1.0694667 | J90: 0.81154311 | K90: 3 | L90: 1716664.6 | M90: 0.013350825 | N90: 5 | O90: 1633029.5 | P90: 0.012811605 | Q90: 5 | R90: 2832647.8 | S90: 0.0223535 | T90: 6 | U90: 1820563 | V90: 0.014135183 | W90: 4 | X90: 2117186.7 | Y90: 0.016080269 | Z90: 5 | AA90: 2294545.5 | AB90: 0.017688003
A91: YP_001223974.1 | B91: SynWH7803_0251 | C91: MSDESQAPENVVAADAESEAPQEAPETPAEQTLAEASDPRTHRFECRSCGYVYDPEEGVKKLAIPTGTAFEDLDAASFRCPVCRSRVGAFRDIGPRSKASGFEENLNYGLGVNRLTPGQKNVLIFGGLLLGFAFFLSLYSLR | D91: rubredoxin | E91: Energy production and conversion | H91: Energy production and conversion | I91: -1.0776473 | J91: 0.21792177 | K91: 6 | L91: 7166883.6 | M91: 0.032186854 | N91: 4 | O91: 7528329.2 | P91: 0.034106223 | Q91: 5 | R91: 7318733.1 | S91: 0.033351422 | T91: 5 | U91: 7180214.3 | V91: 0.032192791 | W91: 2 | X91: 8269796.8 | Y91: 0.03627058 | Z91: 5 | AA91: 6742002.7 | AB91: 0.030012112
A92: YP_001225740.1 | B92: SynWH7803_2017 | C92: MVSIRPDEISAILKQQIEDYDKSVSVSNVGSVLQVGDGIARVYGLQQVMAGELVEFEDGTEGIALNLEDDNVGAVLMGEGLGIQEGSTVRATGKIASVPVGDGLLGRVVNPLGVALDGKGDLGTTESRLIESPAPGIIQRKSVHEPMQTGITAIDAMIPIGRGQRELIIGDRQTGKTAIAIDTILNQKDQDVVCVYVAIGQKAASVAQVTEVLRERGALDYTVIVAANASDPAALQYLAPYTGASIAEYFMYKGKATLVIYDDLSKQAQAYRQMSLLLRRPPGREAYPGDVFYCHSRLLERAAKLSDAMGKGSMTALPIIETQAGDVSAYIPTNVISITDGQVFLSSDLFNSGLRPAINVGISVSRVGGAAQTKAIKKIAGTLKLELAQFDELAAFSQFASDLDAATQKQLGRGKRLRELLKQPQFSPLILAEQVAIVYAGVKGLIDDVPVDQVVQFSRELREYLKSNKPEFIEKIQTEKVLSPEAETMLKEAVAEVTSTMLATAN | D92: F0F1 ATP synthase subunit alpha | E92: Energy production and conversion | H92: Energy production and conversion | I92: -1.0949735 | J92: 0.1786288 | K92: 97 | L92: 7.1747623e+08 | M92: 0.90426044 | N92: 64 | O92: 7.7278778e+08 | P92: 0.98250121 | Q92: 94 | R92: 7.5390159e+08 | S92: 0.96411965 | T92: 86 | U92: 7.5372909e+08 | V92: 0.94836241 | W92: 77 | X92: 7.2192743e+08 | Y92: 0.88856876 | Z92: 80 | AA92: 7.387737e+08 | AB92: 0.92290476
A93: YP_001225352.1 | B93: SynWH7803_1629 | C93: METAVGETRVAASPETVKKFIALGCRVVLERGAGQTSGFLDEAYAEAGAQLVTPGDSQAWGEADVLLCVQSPSPVDLGRLRRGALVVGLLAPYANIELDAALKRCGLSAMALELLPRISRAQSADALSSQANIAGYKSVLLASAALDRYFPMLMTAAGTVQPARVVVLGAGVAGLQAVATARRLGAVVYVSDIRPAVKEQVESLGARFIDPPEMEDKPAESGGYAKQASDAFLAAQRQQLSDQLSEADVAICTAQVPGRRAPRLISEDMLDRMRPGAVVVDLAVAQGGNCADTLPSQTVDRKGVKLIGANDLPCSVPNHASFLYSKNLLALLQPTLKDGQLNLDLEDELIAGCLISQDGTIRRSDVLTPGAN | D93: NAD/NADP transhydrogenase subunit alpha part 1 | E93: Energy production and conversion | H93: Energy production and conversion | I93: -1.0992325 | J93: 0.66477271 | K93: 46 | L93: 1.8448197e+08 | M93: 0.31626237 | N93: 31 | O93: 1.3207495e+08 | P93: 0.22840251 | Q93: 51 | R93: 2.0641212e+08 | S93: 0.35905339 | T93: 45 | U93: 1.7636607e+08 | V93: 0.30184339 | W93: 37 | X93: 1.6665577e+08 | Y93: 0.27901364 | Z93: 37 | AA93: 1.7315774e+08 | AB93: 0.29423542
A94: YP_001226013.1 | B94: SynWH7803_2290 | C94: MFGFLKQVGDYTRDAVDAARNLTQGLAVTFDHMKRRPVTVQYPYEKLIPSERYRGRIHYEFDKCIACEVCVRVCPINLPVVDWVMNKETKKKELRNYSIDFGVCIFCGNCVEYCPTNCLSMTEEYELAAFDRHSLNFDNVALGRLPTSVTTDPAVQPLRELAYLPAGEVQPHGVDPSRPRAGQRPDQVLSSLKQNAGGSAGNEGESATSTNTSKGSAE | D94: NADH dehydrogenase subunit I | E94: Energy production and conversion | H94: Energy production and conversion | I94: -1.1405522 | J94: 0.36999772 | K94: 11 | L94: 25354037 | M94: 0.074169809 | N94: 11 | O94: 20125655 | P94: 0.059390487 | Q94: 14 | R94: 26600420 | S94: 0.078958481 | T94: 9 | U94: 23311360 | V94: 0.06808018 | W94: 10 | X94: 24943910 | Y94: 0.071261679 | Z94: 10 | AA94: 20533972 | AB94: 0.059540496
A95: YP_001224068.1 | B95: SynWH7803_0345 | C95: MAGERFYLELEPPEERLRHAPHVVIVGGGFAGVRACKALANADVRISLIDKRNFNLFQPLLYQVATGLVSRGDVATPLRQLVGRQRNVQVLLGEVTQINPEGKQIVFNGKGYGYDYLVLATGSGSTFFGHENWRTFAPPMKILEHAEEIRRRLLMAMEQAEQTPDPEARRFLQTVVIVGGGPTGCEMAGATSELMRNAMRREFRQLNPADTRIVLVDPGDRVLRAMPEALSQAAQETLEALGVEMLFKGRVQTMQPGEVTVGTPDGDQRLQAATVIWTAGVRPSHLGKKLADAIGCETDRSGRVIVEPDFSVQGHPEIRVVGDLCSYKHTKDGNPLPGMAGPATQAGGFVGKDIAAMVGGQSRPTFSWFDFGSMAVLDRVDAVADLRGFKFKGGIGWLLWAAAHLAFMPDRENRYTLLIKWIFAVVSQSRASMLLTGMPSQHMGLDAPDAAFPMQPGSGPSIAEPGAALRAAMDYYSNQVSGLPTQSESGDSAAAIK | D95: NADH dehydrogenase | E95: Energy production and conversion | H95: Energy production and conversion | I95: -1.1429554 | J95: 0.41991824 | K95: 36 | L95: 52732676 | M95: 0.067664356 | N95: 20 | O95: 41945318 | P95: 0.054293828 | Q95: 40 | R95: 59849788 | S95: 0.07792432 | T95: 31 | U95: 49518163 | V95: 0.063433359 | W95: 24 | X95: 45440687 | Y95: 0.056942498 | Z95: 27 | AA95: 51377953 | AB95: 0.065345606
A96: YP_001225988.1 | B96: SynWH7803_2265 | C96: MQLTRSWYVVEHSSAVPAGSVRRLDFHGQAFAIWRALDGTLSVVSDRCPHKGASLSAGRVGEEGLACPYHGWCFQSDGHCAKIPAQDSAQAIPRRAQAFSLPCRESVGFIWIWWDPSAESSAEDLPPLPTVGPVPEDDDRGWRALEGSVEWNAHWLRVLEAFMDLTHAPFVHSGSFGAMAPDQLMPVEQWAKDDSVYERVLAPRDRHYRADQGRGLRAWFNQGDDQSSSVSSDDGGEQHIQLWLANVSLVRVVFGDFQISLLTAHVPVDGTKTRNLWRHFRSFLRSPLADSNARGRVDRFMAEDQGTVETLRPLIPDLDGHGDLLVASDVSTLALRRMLREKRDAGLFR | D96: putative dioxygenase | E96: Energy production and conversion | H96: Inorganic ion transport and metabolism; General function prediction only | I96: -1.1439384 | J96: 0.33851309 | K96: 12 | L96: 26839552 | M96: 0.049044054 | N96: 9 | O96: 21900173 | P96: 0.040368766 | Q96: 17 | R96: 27899133 | S96: 0.051728761 | T96: 10 | U96: 25465381 | V96: 0.0464552 | W96: 8 | X96: 23360971 | Y96: 0.041688231 | Z96: 8 | AA96: 23796447 | AB96: 0.043100536
A97: YP_001224362.1 | B97: SynWH7803_0639 | C97: MAYARALLKLSGEALMGDQGYGIDPAIVQAIAKDVAGVVASGTQLAIVVGGGNIFRGLKGSAAGMDRATADYVGMLATVMNAITLQDGLERAGIPTRVQTAIEMQEVAEPYIRRRAIRHLEKGRVVVFGAGCGNPFFTTDTTAALRAAEISADVVFKATKVDGVYDKDPHKYADAVRYDTLTFQQVLSGELAVMDSTAIALCKDNNIPIVVFNLFEAGNIGRAVAGEPIGSRISN | D97: uridylate kinase | E97: Energy production and conversion | G97: Nucl Ac | H97: Nucleotide transport and metabolism | I97: -1.1882997 | J97: 0.016578997 | K97: 11 | L97: 23015190 | M97: 0.062457304 | N97: 10 | O97: 22860030 | P97: 0.062579531 | Q97: 11 | R97: 24276482 | S97: 0.066847423 | T97: 12 | U97: 20362070 | V97: 0.055165001 | W97: 8 | X97: 22259460 | Y97: 0.058992224 | Z97: 10 | AA97: 21421755 | AB97: 0.057621314
A98: YP_001225569.1 | B98: SynWH7803_1846 | C98: MASSQAPARLALLTGPSGVGKGTLVARLQERHPQLWLSVSATTRAPREGERDGVHYFFKTRQDFEALVRSGGLLEWAEFANNCYGTPRGPVEERLVAGIPVLLEIELEGARQVRKSFPEALQIFLAPPSFDELERRIRGRATESDDAIQRRLDRARAELEAQSEFDAVVVNDDLEAALLELEGLMGLAGSI | D98: guanylate kinase | E98: Energy production and conversion | G98: Nucl Ac | H98: Nucleotide transport and metabolism | I98: -1.1985341 | J98: 0.23450343 | K98: 3 | L98: 1960766.5 | M98: 0.0065467996 | N98: 2 | O98: 1671843.1 | P98: 0.0056309998 | Q98: 5 | R98: 1861746.4 | S98: 0.0063074517 | T98: 4 | U98: 1858229.1 | V98: 0.0061940609 | W98: 0 | X98: 1737554.9 | Y98: 0.0056656948 | Z98: 1 | AA98: 1383286.1 | AB98: 0.0045779878
A99: YP_001224535.1 | B99: SynWH7803_0812 | C99: MHASWTEQWWPVAYLRDLDPKRPQRFTVLERDLVLWWDASIGSWRAFDDVCPHRLVPLSEGRINASGELECPYHGWSFDGEGRCTRIPQMAEGANASGRRSSCNSLPTCSGQGLLFVWTGDPTMAGAKDPPLVPLLQEQGDGWADGWIVQDTFRDLPMDALTLLENVLDVSHVPFTHHKTVGNRENAAPVLAVIRAENDSGFEAFWEEGPRRGRLGSQFTHFSAPQLMWHDLDAKGFARILTVVYAVPIRRGECRLFARFPFQFKSALPRLLVGLRPRWLQHIGNHKVLEDDQVFLHWQERVLESAGGSAAAERAFFLPTEADVYVAALHRWINSHGGEPFAGQRLPPRQGIASLMDRYNSHTVNCRSCSQALHWIRRGQPWCWVVLWTAAVLIGVGQMGWLSALGGLLAVVAALLLQRLRRWERGLTVGDGLAPRNYGT | D99: Rieske-type iron-sulfur cluster-binding protein | E99: Energy production and conversion | H99: Inorganic ion transport and metabolism; General function prediction only | I99: -1.2035701 | J99: 0.070885351 | K99: 5 | L99: 826901.04 | M99: 0.0011984982 | N99: 3 | O99: 991373.35 | P99: 0.0014494657 | Q99: 4 | R99: 1058823.9 | S99: 0.0015571766 | T99: 2 | U99: 925450.55 | V99: 0.0013390911 | W99: 2 | X99: 858258.97 | Y99: 0.0012148249 | Z99: 0 | AA99: 786807.24 | AB99: 0.0011303466
A100: YP_001225898.1 | B100: SynWH7803_2175 | C100: MTQTPNPQEQPILVVGGGFAGLSALQAFSRVHPRPPLVLIEPRSKFLFVPLLYELLSGELQGWEVAPDYGQLLQARGVSHVQDSVRSINLEDHVVTTNGGQRMPYSQLVLATGAVPEDFGIPGVREHALRFHALEDIPPLQARLRELRHRPSGTSTLVIVGAGATGVELACKLVDLLDGAARVHLVEQGEQILSRSRAFNREQAERALKQRGVTVHLKTRVLNVSANAVQWSGVEGEVEQAHDGLIWTAGSRPNIPELTPSIAPHHKRLPVDETLRLIGQPDVLVLGDIASQPTIDEGQTPWPLSAQVAIQQGQAAARSLQSHRQGNRSDPFVFKDLGEMLSLGIGDATLTGMGVTLAGPLAFQMRRLAYLTRMPGLSLGLRSAGAWLFSS | D100: NADH dehydrogenase, FAD-containing subunit | E100: Energy production and conversion | H100: Energy production and conversion | I100: -1.2041884 | J100: 0.27501168 | K100: 19 | L100: 26763428 | M100: 0.043651735 | N100: 16 | O100: 21611411 | P100: 0.035557379 | Q100: 23 | R100: 31178161 | S100: 0.05159891 | T100: 18 | U100: 24892183 | V100: 0.040531792 | W100: 12 | X100: 22107934 | Y100: 0.035214328 | Z100: 16 | AA100: 24415811 | AB100: 0.039472113
...

Sheet R. pomeroyi
A1: Table S5B: Protein categories of R. pomeroyi proteins detected in SW co-culture with Synechococcus sp. WH7803
J2: Replicates
J3: A | M3: B | P3: C | T3: Category NAF
A4: Old NCBI reference | B4: New NCBI reference | C4: Annotation reference | D4: CDS sequence | E4: Annotated function and designation | F4: Assigned function | G4: Additional information for category assignement | I4: Assigned category | J4: SC | K4: Peak area | L4: NAF | M4: SC | N4: Peak area | O4: NAF | P4: SC | Q4: Peak area | R4: NAF | S4: NAF Average | T4: A | U4: B | V4: C
A5: YP_168626.1 | B5: AAV96656.1 | C5: SPO3430 | D5: MKTEGNTMKKVLFATTALIATASVAAADVRISGYGRFGLDYNDANDRAVNGVSKTTITSRLRLQFDMSAETDAGVAFDARFRAQAESRDNTPGGATFNGARFGVSYQGFRVNVGNIIGAVENMPGTYLETRTAGIGIDGASFYSHVGNVNNEFFNWDAYSSAGTGVNGIEAIYSTGGFTGHLSYSTRNGAVASDRIGVMLSYNFGDWTVAAAHQSSDAMWEDKTLVSVAWDGGQFGARVAYADNDGISKFGIYGNMDIGASSNILLFYTDEEAVSASDVLAGRGDNRDAVAGSNMNEGGSYGIHYSYDLGGGASFEAGYRRASNDNDTFQAGVYFSF | E5: outer membrane porin | F5: Membrane transport | J5: 104 | K5: 8.8840382e+08 | L5: 11.422265 | M5: 90 | N5: 9.853477e+08 | O5: 11.618864 | P5: 91 | Q5: 8.1965544e+08 | R5: 10.973689 | S5: =AVERAGE(L5,O5,R5) -> 11.338273 | T5: =SUM('R. pomeroyi'!L5:L102) -> 32.447432 | U5: =SUM('R. pomeroyi'!O5:O102) -> 33.744926 | V5: =SUM('R. pomeroyi'!R5:R102) -> 31.268801
A6: YP_165781.1 | B6: AAV93836.1 | C6: SPO0519 | D6: MSDIAPKLGPIEGDSSFEIRSGANVCRSNRSGTGVENQEEVKMKKSVFLGALTVAGMAAGVAAAGTMDDVKARGKLNCGVTTGLVGFAAPDSNGEWKGFDVALCRAVAAAVLGDGNAVEFVPTTGKTRFTALASGEVDMLARNTTWTFSRDVDLKFEFVGVNYYDGQGFMVPKSLGVSSAKELDGATVCIQTGTTTELNLADFFRANNISYEPVPIETNAEAQQQYLAGACDVYTTDASGLAATRATFENPGDHVLLPEIISKEPLGPLVRHGDHEWGDVVRWTLNALVSAEEMGITSANIDEMSAGTNNPEINRILGSEGTLGEMLGLDAEWAKRAIKVGGNYGEVFAQNIGESTPIGLARGLNAQWTDGGLLYSPPFR | E6: glutamate/glutamine/aspartate/asparagine ABC transporter, periplasmic substrate-binding protein | F6: Membrane transport | I6: Amino acid transport and metabolism; Signal transduction mechanisms | J6: 43 | K6: 2.8561293e+08 | L6: 3.2566116 | M6: 44 | N6: 3.5543849e+08 | O6: 3.7169348 | P6: 37 | Q6: 2.5357543e+08 | R6: 3.0107508 | S6: =AVERAGE(L6,O6,R6) -> 3.3280991 | T6: Average= | U6: =AVERAGE(T5:V5) -> 32.487053
A7: YP_168022.1 | B7: AAV96055.1 | C7: SPO2814 | D7: MSNKECSMKLKTLLMGAIASAALAPAAFAERGSDGNVSIIYWQAPSILNPFLSGGTKDVESASLVIEPLARYDENGGMVPFLATEIPTVENGGVSADLTSITWKIAPGIKWSDGSAFTAHDVKFTADYCMHPEGGCAQLTKFEGVTSVEALDDMTVKVTFDKPTPFPYGPFVGGESPIIQKAQFENCMGAKAPECTTENFGPIGTGPFVVTEFKPNDVITMKANDNYRDPAKPAFATLTFKGGGDATAAGRAVMETGEFDYAWNLQLAPEVIQQMQAGGKGTPVAGFGPLVERIMLNQTNPSPALPEGERSTAKHPHPFLQDPAVYKAMSMAIDRPLLVEIGYGQAGKVTCNWVPAPAAVNSDTFTCDTQDIEGAKKLLDDAGIVDTNGDGVREKDGVPLKVVYQTSTNAVRQDFQALIKEWWAEIGIESELRNINASVFFGGDPGSPDTFQKFYADVEMYANTFNGTDPQSYLANGLCDKAPKPESQWQGENISRFCNEEYDALHAELTKTAGAEARAEIAKRLNDIMVENGGMIPLVHRGRLSAHSNTLGGVVLNVWDSELWNAADWYRIK | E7: peptide/opine/nickel uptake ABC transporter periplasmic substrate-binding protein | F7: Membrane transport | I7: Amino acid transport and metabolism | J7: 63 | K7: 3.8412053e+08 | L7: 2.9045884 | M7: 60 | N7: 4.3534906e+08 | O7: 3.0191665 | P7: 58 | Q7: 3.774944e+08 | R7: 2.9723992 | S7: =AVERAGE(L7,O7,R7) -> 2.9653847 | T7: Dev= | U7: =STDEV(T5:V5) -> 1.238538
A8: YP_166784.1 | B8: AAV94830.1 | C8: SPO1543 | D8: MNALNRLLSSAVLGAAVLMTAPAPMAMAETPPNMLVIAHRIDDITTLDPAESFEFAGSDLSRNVYMRLVNFDPMDLKAGYQPEIAESWTVSEDKRSITFTIREGLKFHSGNPVRAEDVEFSLQRAVILNKTPAFILTQFGFTAENAAETIKAEGNTVTITTDKPYATSFVLNCLTAVIGGIVDKEVVMANEQDGDMGNTWLKTNTAGSGAYKLVSWKPNESITIQSNPDYYRGAPAMERVIVRHVQESASQRLLLERGDIDIARNLNPEDIAGARNAEGVKIDEELKGRLMYVSLSQKHPELSKPQVRQAFKYLVDYEGMKNSFLSGQYTIHQNFLPQTYLGASDAAPFTYDVEKAKALLAEAGIPEGMEIEVGVREAQERIEIAQSLQNALGQVGIKMNITIGTAKQILSRYRARELDVYLGAWGPDYPDPHTNAGTFAYNPDNSDAAQATGLLAWRNSWDTGGLTAKTDAAVVENDRDMRAKMYEEIQAEFRETSPFVIMFQQIEQSAQRDNVMNFSTGQAITSASYWQVTK | E8: peptide/opine/nickel uptake ABC transporter periplasmic substrate-binding protein | F8: Membrane transport | I8: Amino acid transport and metabolism | J8: 61 | K8: 3.051764e+08 | L8: 2.4761754 | M8: 61 | N8: 3.1687315e+08 | O8: 2.3580242 | P8: 58 | Q8: 3.0116128e+08 | R8: 2.544539 | S8: =AVERAGE(L8,O8,R8) -> 2.4595795
A9: YP_167412.1 | B9: AAV95453.1 | C9: SPO2187 | D9: MSAQKSNGSFNMNRNSKLGLGALVTAAFLAPAAMAEEFITIGTGGVTGVYYPTGGAVCRLVNKGRKEHGVRCSVESTGGSVYNINTIREGELEFGVAQSDWQYHAYNGTSKFEEAGKFENLRAVFSIHPEPFTVVARADAGITSFDDLKGKRVNIGNPGSGQRGTMDVVLEAKGWTTGDFALASELKAAEQSAALCDNQIDAMIYTVGHPSGSIQEATTACDSVLVNVDGEAIDKLVADNSFYRKATIPGGMYRGNDGDTTTFGVGATLVTSADVSEDAVYALVKAVFDNFEDFKKLHPAFANLTEAEMIKDGLSAPLHSGAEKYYRERGWIN | E9: TRAP transporter solute receptor TAXI family protein | F9: Membrane transport | I9: General function prediction only | J9: 35 | K9: 1.2379755e+08 | L9: 1.6107922 | M9: 35 | N9: 1.4940714e+08 | O9: 1.7829173 | P9: 36 | Q9: 1.1125883e+08 | R9: 1.507445 | S9: =AVERAGE(L9,O9,R9) -> 1.6337182
A10: YP_165903.1 | B10: AAV93956.1 | C10: SPO0648 | D10: MKFTSLLASAAMALGLATGAMADDKTKVGFVYVGPVGDGGWTYEHDKGRQAVEAEFGDKVETVFVESVPEGPDAERVMTQMALEGADLIFTTSFGYMDPTINVAKKFPKVKFEHATGYKQAENVSVYSARFYEGRAVQGTIAGRMTKSNIVGYIGSYPIPEVIRGINSAFIHARKVNPDVQFKIVWAYTWFDPAKEADAAKVLIEQGADVILQHTDSTAPQAAAQAAGNVITFGQASDMSEYAPMPRVSSIIDNWAPYYIARTKAVMDGTWTSVSTWDGIGAGMVGIGEISDAVPADVKAEALALKDALANGSYHAFTGPLKKQDGSDWLAAGETADDGTLAGMNFYVEGIEGDIPN | E10: bmp family protein | F10: Membrane transport | G10: periplasmic binding protein | I10: General function prediction only | J10: 25 | K10: 84463689 | L10: 1.0251172 | M10: 23 | N10: 91228766 | O10: 1.0154713 | P10: 21 | Q10: 77284157 | R10: 0.97672768 | S10: =AVERAGE(L10,O10,R10) -> 1.0057721
A11: YP_167786.1 | B11: AAV95821.1 | C11: SPO2573 | D11: MDRRSFLKTSAMGGAAAAATTALAAPAYAQGKRTLTMVTTWGRGLAGVHDSAQRVADNITAMSDGNLTVDLKAAGELVGAFEVFDAVSSGQADMYHGADYYFVGQHPGYAFFTAVPFGMTAQELVNWYYHDGGHELHDELGQIFGLKSFLAGNTGAQAGGWFSKEINGPEDFNGLKFRMPGLGGKALGKLGASVQNIPGSEVYQALSSGAIDGTEWIGPWADEKAGFQEITKTYYTAGFHEPGAGLSVATNREVFESLSPAHQKIIEVAAGECHQWNLAQFLSNNGSALQRLQAGGVKVLEFPDSVWDAFGKASQDVMAENMGDELFKKIHDSAMASMKSSSAWLNMSSGVYTAQRDRVLG | E11: solute-binding family 7 protein | F11: Membrane transport | G11: solute binding proteins | I11: Secondary metabolites biosynthesis, transport and catabolism | J11: 26 | K11: 74683857 | L11: 0.8963781 | M11: 28 | N11: 94955508 | O11: 1.0452424 | P11: 23 | Q11: 70833157 | R11: 0.88527996 | S11: =AVERAGE(L11,O11,R11) -> 0.94230017
A12: YP_166898.1 | B12: AAV94944.1 | C12: SPO1659 | D12: MTKAIIDAGRNLLRNGCMGTPEFHRTGPGLQRRTGRSTVRGPTANRKSHRETFMTTYETRQQPVHWAAEMHAQEFRDGKLSRREFLTRATGLGVSAAAAYGLIGLTAPTPAAASEAKQGGTLRVQMNVRELKDPRTYDWSELGNETRGTMEYLVEYNSDGTFRGILLESWEINDDATVYTLNVRKGVKWNNGDDFTAEDVARNIARWCDKSSETNSMAGRFASLIDADSGQAIDGAIEVVDSHTVRLNLPNSDISLIAGMSDYPAAIVHSSFSESDLTNNVGTGPYVIELLEVGVKCVLVRNENHTWWGEAVFGRPALDRIEYIDYGTDPSAWLSALESDEVDMLHESVGEFIDVMDGLGYAKSEVVTMSTVVVRPNQLAEVDGKKPYADKRVRQAISLAVDNAICLELGYGGRGAPAENHHVGPSHPEYAELPARKHDPAAAKALMEEAGMMDFEHEIHSIDDDWRRNTTDAVAAQLRDAGFKVKRTVLPGSTFWNDWTKYPFSSTNWNHRPLGVQIWALAYRSGEAWNEFGWANPEFDAILSEALALADADKRREVVARGQALIQEEGVTIQPYWRALYRHMKEGLVGTDMHIAFEHHHYKWGWAA | E12: oligopeptide/dipeptide ABC transporter, periplasmic substrate-binding protein | F12: Membrane transport | I12: Amino acid transport and metabolism | J12: 23 | K12: 1.1213438e+08 | L12: 0.79911063 | M12: 24 | N12: 1.157836e+08 | O12: 0.75674151 | P12: 28 | Q12: 1.0615469e+08 | R12: 0.78774718 | S12: =AVERAGE(L12,O12,R12) -> 0.78119977
A13: YP_166457.1 | B13: AAV94506.1 | C13: SPO1210 | D13: MLNSSRRGALRSAVGAMVIGLGLTFSGSATQAETVLKAVPHSDLKILDPIWTTAYITRNHGYMVYDTLFSLDAQGNIQPQMVDTVTTSEDGLMVTMTLRDGLVWHDGAPVTAADCVASINRWGSKDAMGQKMMSFVESLEATDDKTITFKLSTPTGLVTLALAKPSSNVPFMMPERVASTPSSEQIADYTGSGPFVFRQDLWEPGTKIVYEKFDGYVPRSEPASGLSGGKIAKVDVVEWLPIRDHQQAVNALKAGEIDFIEAPPHDLLPLLKDDPNITLDDFNPAGNQFTFRFNVLHPPFDNPKMRQALLYAFNQEDFVQAVVGNEEYYELCLALFGCGLPFESTAAMDGLLESNFAKARELIAESGYNGEPILLMHSTDLAVLTNLAPVAKDLMEAVGLNVDMQSMDWQTLVARRSKRDAPADGGWNAFITSWTTGDLFNPVAAAFLNSSCDTALFGWPCDTRIEELRDAFARATSVEEQKKIVDEVQAAWFDYPTHIHLGQWTSRAAMTNNVSGLLQTGAAVFWNLEKN | E13: oligopeptide ABC transporter, periplasmic oligopeptide-binding protein | F13: Membrane transport | I13: Amino acid transport and metabolism | J13: 29 | K13: 81554946 | L13: 0.66546847 | M13: 28 | N13: 89880884 | O13: 0.67263102 | P13: 26 | Q13: 73759392 | R13: 0.62672071 | S13: =AVERAGE(L13,O13,R13) -> 0.65494007
A14: YP_167817.1 | B14: AAV95852.1 | C14: SPO2606 | D14: MTTRRKFITTAAVGAAAAPLATPALAQSTIKWRMQTYAGPALAAHVIDPAIAMFNKIAGDRMQIELFYADQLVPTGELFRAMQRGTIDAVQSDDDSMASPTEVTVFGGYFPFASRYSLDVPVLFNQYGLNEIWDAEYSKVGVKHISAGAWDPCHFATKDPINSLADLNGKRVFTFPTAGRFLAQFGVVPVTLPWEDIEVAVQTGELDGIAWSGITEDYTVGWADVTNYFLTNNISGAWAGSFFANMDRWNELPEDLQTLFRVCCDQSHYYRQWWYWGGEASLRVNGTKMQLTSIPDAEWAQVEAAAVKFWDEIAAESETKAKVVEIFKKYNADMAKAGRPYRYG | E14: solute-binding family 7 protein | F14: Membrane transport | G14: solute binding proteins | I14: Secondary metabolites biosynthesis, transport and catabolism | J14: 24 | K14: 48673806 | L14: 0.61306788 | M14: 28 | N14: 50272617 | O14: 0.58073383 | P14: 22 | Q14: 42459233 | R14: 0.55688426 | S14: =AVERAGE(L14,O14,R14) -> 0.58356199
A15: YP_167051.1 | B15: AAV95093.1 | C15: SPO1814 | D15: MMNKMLSGAVAAALTVSFVGEAGATEWNVSVWGKRRAFTEHVEKLAELVSEKTGGAFTINVSYGGLSKPKENLDGISIGAFEMAQFCAGYHADKNRAITVLELPFLGVNTLAEEVAVSNAVYAHPAAQQEMAQWNARLLMTSPMPQYNLVGTGAPRDELAEFEGMRVRATGGLGAAFSAVGGVPTSVPATEAYNAMESGVVDTVAFAQHAHLSFGTINKADWWTANLNPGTVNCPVVVNIDAYEALSDDERAALDSSVDEAIAHYLTNYGALLKKWDDVLAEKGVEKVMISDAVLEEFRAKVAGPISAKWVEDMTAQGLPGQELLDLVHATLKAARGS | E15: TRAP dicarboxylate transporter, DctP subunit, putative | F15: Membrane transport | I15: Carbohydrate transport and metabolism | J15: 23 | K15: 34085067 | L15: 0.43693734 | M15: 21 | N15: 37529995 | O15: 0.44123086 | P15: 22 | Q15: 29499903 | R15: 0.39378134 | S15: =AVERAGE(L15,O15,R15) -> 0.42398318
A16: YP_168669.1 | B16: AAV96699.1 | C16: SPO3473 | D16: MKLKTALLATALTSAAFAVSAQEVTVMSWGGAYTKSQVEAYHKPFTAETGIKVNSVDADNPATPIKAQVEAGNVSIDVADVEFSDAVRLCDEGLLEEIDPAILSAAPDGTAATDDFIDGALQDCAVANIVWSTSVAYNTANVSMAPSSIADFFDTGKIPGKRGLRKSAKATLEMALMGDGVPANEVYDVLDTDEGVDRAFAVLDRIKSDIVWWEAGAQPPQLLADGEVVMSTAYNGRIFNAAVAEGQPFEIMWDGQILDFDLFVVPKGAPNKDAAMQFIAFSTSTQALADQAKWISYGPARKSSGALVGLYQDGKTEMAPHMPTSEAALKNALVNNFEFWVDKDAELNERFNAWLAN | E16: polyamine ABC trasnporter, periplasmic polyamine-binding protein | F16: Membrane transport | I16: Amino acid transport and metabolism | J16: 13 | K16: 30605071 | L16: 0.37144702 | M16: 19 | N16: 36738370 | O16: 0.40893638 | P16: 10 | Q16: 26658111 | R16: 0.33690883 | S16: =AVERAGE(L16,O16,R16) -> 0.37243074
A17: YP_166949.1 | B17: AAV94993.1 | C17: SPO1710 | D17: MKPAPMRKRFSAPREETSMNFLKTTLASSVVFAALCNAAMAAEDKIKVGVLHSLSGTMAISETTLKDTMLMLIEQQNAKGGLLGKQLEAVVVDPASDWPLFAEKARELLTVHEVDVIFGNWTSVSRKSVLPVIEELNGLLFYPVQYEGEESSKNVFYTGAAPNQQAIPATDYFLEELGVEKFALLGTDYVYPRTTNNILESYLKQKGIAEADIFVNYTPFGHSDWSKIVADVVALGADGKKVGVISTINGDANIGFYKELAAAGISADDIPVVAFSVGEEELAGLDTSNLVGHLAAWNYFQSAESDVNAEFVKSWKATMGEERVTNDPMEAHYIGFNMWVNAATEAGSTDVDAVRAKMYGQEFPNLTGGTAVMLPNHHLTKPVLIGEIQADGQFDIISQTAEVPGDAWTDFLPESAVLMSDWKELGCGMYNTETKTCVQTLSNY | E17: branched-chain amino acid ABC transporter, periplasmic substrate-binding protein | F17: Membrane transport | I17: Amino acid transport and metabolism | J17: 19 | K17: 41926450 | L17: 0.4091446 | M17: 20 | N17: 42999090 | O17: 0.38484014 | P17: 17 | Q17: 31242518 | R17: 0.31747848 | S17: =AVERAGE(L17,O17,R17) -> 0.37048774
A18: YP_167174.1 | B18: AAV95215.1 | C18: SPO1939 | D18: MKKLLTATAASALMASAAFAGGHAKEVKIGVILGFTGPIESLTPSMADGAELAMKEVTDSGLLLDGATVTSVRADSTCVDAAAATAAAERLVTSDKVDGIMGADCSGVTGAILSNVAVPNGVVMISPSATSPALSTADDNGLFFRTAPSDARQGVVMTEVLMEEGIKEVALTYTNNDYGKGLADSFQAAFEAAGGTVTISAAHEDGKADYSAEVGALAAAGGDRLVVAGYVDQGGSGIVRSAIDSGAFDTFHFPDGMIGAKLEENFGDEIEGSSGQHPGTDSPGVAKFSEMVGGAFDSTSPFTPEAYDAAALIMLAMQAANSKDSGDYKDHVMHVANAPGEKIYPGELAKALQIIKDGGEVDYVGATAVELIGPGESAGNYRQITIEGGKITTAKFR | E18: branched-chain amino acid ABC transporter, periplasmic substrate-binding protein | F18: Membrane transport | I18: Amino acid transport and metabolism | J18: 20 | K18: 31764671 | L18: 0.34667742 | M18: 24 | N18: 45431612 | O18: 0.45474896 | P18: 17 | Q18: 23457946 | R18: 0.26659421 | S18: =AVERAGE(L18,O18,R18) -> 0.35600686
A19: YP_165324.1 | B19: AAV93381.1 | C19: SPO0050 | D19: MPPASGPGALRNSCNRFGRARSFSLRPPHHERKRDMKHLVTALALLAATPALAQDKMTLLLDWFINPDHGPIIVAQEKGYFAERGLEVEIVAPADPSAPPRLVAAGQADLAVSYQPQLHLQIHEGLPLKRVGTLVATPLNCLLVLDNGPIKSPADLKGKKIGFSVAGVEEAILTTVLGKYDVALSDVEMINVNFSLSPALMSGQVDAVIGAYRNFELNQMDIEGEPGRCFYIEEEGVPSYDELIYVANPDRMDAGKIARFLEATEKATQFIVNNPQASWEIFSATSPELQDELNKRAWADTLPRFALRPAGFDAGRYARFETFLKDSGMIDSVNSVSAITIDVTAE | E19: ABC transporter, periplasmic substrate-binding protein | F19: Membrane transport | I19: Inorganic ion transport and metabolism | J19: 17 | K19: 28182370 | L19: 0.35291744 | M19: 19 | N19: 31099237 | O19: 0.35717225 | P19: 15 | Q19: 26524461 | R19: 0.34587702 | S19: =AVERAGE(L19,O19,R19) -> 0.35198891
A20: YP_167025.1 | B20: AAV95067.1 | C20: SPO1788 | D20: MSPFGTLPKGVRLIPYPTRSRTEPGQRNRQPTRSEIMKKLMNGAALALALAAGPALAADEVKLQLQWVTQAQFAGYYVALDKGFYDEEGLDVTILPGGPDIAPPQVLAGGGADAMLNWMPSALAAREKGLPVVNIAQPFKSSGLMLTCWKDTGITGPQDFKGKTIGVWFFGNEYPFLSWMSQEGISTDGGADGVTVLKQGFNVDPLLQRQADCISTMTYNEYGQVLDAGVSEDELVTFKYEDMGVATLEDGIYVLEDNLKDEAFKDKMTRFVRASMKGWKYAEANPDEAAGIVLDNDATGAQTEAHQVRMMGEIAKLTAGSNGALDPADFDRTVGTLLAGGSDPVITKTPEGAWTHEITDAALK | E20: ABC transporter, periplasmic substrate-binding protein | F20: Membrane transport | I20: Inorganic ion transport and metabolism | J20: 15 | K20: 29812689 | L20: 0.35487179 | M20: 14 | N20: 33651386 | O20: 0.36737165 | P20: 15 | Q20: 24999280 | R20: 0.30986845 | S20: =AVERAGE(L20,O20,R20) -> 0.3440373
A21: YP_165509.1 | B21: AAV93565.1 | C21: SPO0240 | D21: MIAFIKLLLELFFPLRNHPPVHEPREVDMTCKFLTLSASALVLTTGMAFAQTEIQWWHAMGGTNGERVDKIAADFNASQSEYKVVPTYKGNYTETMTAAVAAFRAKEHPHLVQVFEVGTATMMAAKGAIYPVEQLMSDAGEPFDKSDYLPAVISYYQTSEGELLSMPFNSSTPVLWYNADALKAAGVEVPKTWDDMKTAAKALVDSGMDCGFSFGWQSWVMIENYSAWHNIAMGTKENGFAGFDTELSFNNDEVTARLDDIAAMSEGNLFKYGGRRGDSLPMFTNGECGMWMNSSAYYGSIKGQAQFEFGQTMLPLDSAVADAPQNSIIGGATLWALAGHEAEEYKGLAKFMTYLSSPEVQAWWHQETGYVPITTAAYELSKEQGFYDSNPGTDTAIQQLSLNTPTANSRGIRFGNFVQIRDVINEELEALWAGDKTAAQALAAATERGNALLRKFERSAN | E21: SN-glycerol-3-phophate ABC transporter, periplasmic SN-glycerol-3-phosphate-binding protein | F21: Membrane transport | I21: Carbohydrate transport and metabolism | J21: 18 | K21: 27689573 | L21: 0.26024778 | M21: 21 | N21: 28653367 | O21: 0.24698968 | P21: 19 | Q21: 24776102 | R21: 0.24248411 | S21: =AVERAGE(L21,O21,R21) -> 0.24990719
A22: YP_167083.1 | B22: AAV95125.1 | C22: SPO1846 | D22: MKNMIKGLLAATALTAAAGLASAETQGVTDDEVVIGAVNDLSGIFAAVGVPATKGANVYFDKVNAAGGVHGRKIRYVVEDHGYQMPRAMQGFNKLLNRDKVFAMMQNLGTPMNLAGFKLIDPLGIPNIAPLSAARQMIQDPMQNKFTSFSSYFDQSVVGVKYLVAEYGAKNVCSMYLPTDFGKEILEGTKAGAEEAGAAFVAETTHKPDETDFVGSLSKLKESGCEIVTIALGVRQAITIVGTAKKMGLTDMQFMGTSASFLTVVAQVPGGVTEGFYAAASWQDLWARADEPAPKAFIEEYKAATGEDPQGFAMLGYAAAQQMVMALEAAGRDLTHESFIAAMESLDYQDDLVGNHINYGPDDHQGADSVYVLKVENGGWAKVHEE | E22: branched-chain amino acid ABC transporter, periplasmic substrate-binding protein | F22: Membrane transport | I22: Amino acid transport and metabolism | J22: 14 | K22: 18741240 | L22: 0.21036947 | M22: 13 | N22: 26878592 | O22: 0.276709 | P22: 15 | Q22: 20273091 | R22: 0.23696484 | S22: =AVERAGE(L22,O22,R22) -> 0.24134777
A23: YP_165661.1 | B23: AAV93716.1 | C23: SPO0398 | D23: MFAVFNPARKIALSAMALAAAALLSACEPVAIGGGGPSINTSKPVPVALLVPRGSAQSGDAVLAQSLENAARMAIADLQNVQIDLRVYDTAGDAGTAAAVAKQAVGEGAKIILGPVYAQAANAAGLAVLNQNVNVLSFSNNVNIAGGNVFVLGPTFNNSADRLVSFAARQGKGNIVVVHSTDEAGQLGRAAISDAISRSSAKLAGTVAYERSQQGVINSVPQVKATVDGTGADSVFFTSTTAGALPLYTQLLPEAGVSPAQTQFIGLTRWDIPAQTLELPGVQGGWFALPDPSKAAAFRARYQSTYGGAPHPIGGLAYDGIAAIGALVGAGKSDALTGAALTQSAGFQGVGGIFRLRPDGTNERGLAIATIQNKQVVVIDPAPQSFSGAGF | E23: hypothetical protein SPO0398 | F23: Membrane transport | G23: transport of lipid compounds | J23: 12 | K23: 21701095 | L23: 0.24047869 | M23: 14 | N23: 23575542 | O23: 0.23960121 | P23: 12 | Q23: 20202670 | R23: 0.23312199 | S23: =AVERAGE(L23,O23,R23) -> 0.23773396
A24: YP_168201.1 | B24: AAV96233.1 | C24: SPO2995 | D24: MPEGAKYANLDSSVNKNRAAKPRKHSTGENSMNEQLEHMAGRVTAGKMTRREFMGKAAALGVSAAVASSIFAQAAQAAGPKKGGVVKIGSVGGESTNSLDPATYASQVPYHNGRQFGDTLVEVASDGSIEHRLAESVEASADAKTWTFKLRQGVEFHNGKTMTSEDVLKTMQRHSNEDSKSGALGIMKGIESMKADGEYFSVTLTDANADLPYLMADYHLIIQPDGGMDNPGAGIGTGPYQVEVNEPGVRHAYKKFANYWGDDAHFDGVEVLVINDATARTAALQSGQVHMINRVEPKVASLLDRAPNLTVQSTPGRGHYVFIMHVDKAPFDNKDLRLALKYAINREEMVEKILRGYGSVGNDMPINAAYPLFDSAIPQREFDLAKAAEHYKASGHDGSPIILRTADGAFPGAVDAAALFQQTAAQAGIPLEIKREPNDGYWSEVWNVQPFCASYWGGRPVQDQMYSTAYLSTADWNDTKFKNADFDAMLMAARSELDPAKRKEIYSKMGMLLRDEGGLICPMFNDFVDAVSNTLSGWETDPNGELMNGQVTRKLWFS | E24: peptide/nickel/opine uptake ABC transporter periplasmic substrate-binding protein | F24: Membrane transport | I24: Amino acid transport and metabolism | J24: 22 | K24: 28355322 | L24: 0.22017707 | M24: 19 | N24: 33068044 | O24: 0.23549321 | P24: 20 | Q24: 24503740 | R24: 0.19812962 | S24: =AVERAGE(L24,O24,R24) -> 0.2179333
A25: YP_168487.1 | B25: AAV96518.1 | C25: SPO3291 | D25: MKMKLATVALGALMAAGPALADLTFPSLSYRTGPYAAGGIPFADGYADYFTLLNERDGGIGGVKANVLECETGYNTEKGVECYESTKGQGALVYQPLSTGITYQLIPKATADGIAIHSMGYGRTSAKNGNVFSHVFNYPANYWDGASGAVNYLLEINGGDIKGKKIALVYHNSAYGKEPIRTLEELSKKHGFDLSTLPVDHPGQEQKSQWLQIRRDKPDYVLMWGWGVMNQVAVQEAANIRFPMENFIGIWWSGSENDVLPAGDAANGYKALTFHNVGTAFPLFDDLQKYVIDAGKAAGAGDQVGTVLYNRGLYAAMLAAEAAKKAQEISGKADITAADMRDGMEALEMTEAKMAELGLPNFGPTFSVSCGNHGGDALVGVTQWDATSKTWSLISDFKPTDGDVIGALIEEDSSAYASENNISPRCN | E25: branched-chain amino acid ABC transporter, periplasmic branched-chain amino acid binding protein, putative | F25: Membrane transport | I25: Amino acid transport and metabolism | J25: 17 | K25: 22522018 | L25: 0.22853416 | M25: 15 | N25: 23212574 | O25: 0.21602275 | P25: 11 | Q25: 17608438 | R25: 0.18605623 | S25: =AVERAGE(L25,O25,R25) -> 0.21020438
A26: YP_168981.1 | B26: AAV97007.1 | C26: SPO3787 | D26: MPIREERMKNSSQIMTNPTRRAFLQNSSAAAAAAGFGGIGSFIASPVFASDYAPGMTGGPTGFEGAERFQYNNTMSEGRAIEGIKALQAAGNAPAKISMLLTDGAIGQITKPFPEGGPSAKEVWERETGIEIDIVGAPAEDIFKKVMQDVTTGGGTFDIYTGPWNSTGDLVSSGGAVNCSDFVAKYQPDWADPERGTPTPEMEKLLYTYAGDYYSFSLDGDFQTWFYLKGLYEDPRVQDAFLSETGVALKTPDTWEEVDRISKFFTGKDFGNGPMYGNGNLMSPFWGLATFYARFASMDFPNYHFFDEDGNPNLNSDLGIQCAEEHVRSFEWCPPDALTFTWAEAYATMWNLQIPHTAIYTNLVKFGDGYNADGTPKSKATGMIGSHLPVGRRFGDQLNRRSVLYYHITAWISSQSQHPEAVYLFLQWLSSTRTYTWMAGNPGGYFDPMQQANFKEPLVASTYHPYAMETIPQTIARSVPSINFAGQTALDNALDEEIQAAITGQKSAREAMDAAQSKWERIIKRQKRNGIVDAIKASRATWPTIVDPA | E26: sugar ABC transporter, periplasmic sugar-binding protein | F26: Membrane transport | I26: Carbohydrate transport and metabolism | J26: 18 | K26: 23934682 | L26: 0.18889785 | M26: 21 | N26: 24390286 | O26: 0.17654224 | P26: 17 | Q26: 24547147 | R26: 0.20173438 | S26: =AVERAGE(L26,O26,R26) -> 0.18905816
A27: YP_165784.1 | B27: AAV93839.1 | C27: SPO0522 | D27: MSELAIDREIDRSKMQVSDEVAIEITNMNKWYGAFHVLRDINLTVYQGERIVIAGPSGSGKSTLIRCLNALEEHQQGKIVVDGTELSNDLKNIDKIRSEVGMVFQHFNLFPHLTILENCTLAPIWVRKTPRKEAEETAMHFLEKVKIPEQALKYPGQLSGGQQQRVAIARSLCMRPRIMLFDEPTSALDPEMIKEVLDTMIELAEEGMTMLCVTHEMGFARQVANRVIFMDAGQIVEQNEPEEFFNNPQSERTKLFLSQILGH | E27: glutamate/glutamine/aspartate/asparagine ABC transporter, ATP-binding protein | F27: Membrane transport | I27: Amino acid transport and metabolism | J27: 8 | K27: 9328749.8 | L27: 0.1536878 | M27: 10 | N27: 12229089 | O27: 0.18477468 | P27: 8 | Q27: 9571780.9 | R27: 0.1642057 | S27: =AVERAGE(L27,O27,R27) -> 0.16755606
A28: YP_165960.1 | B28: AAV94012.1 | C28: SPO0706 | D28: MKRILLSGVAALALPGAALAACPAVTVADPMGVAAGTFPQQYDLAEFQSAAGCTMDFAENPAIGDLNARIKGNPALPPLAERLPSEPLVVAPYDGIGQYGGQFDALSNATESGTSDFLSVRHVNLFRYSDDLQTVVPNVAKSWEWNEDFTQLTVHLRAGHKWSDGAPFTAADVVFWYDNLMMDTNVMAEPKDYALAGGKPMKVEAVDDTTVRFTLEAPKPGLIETFSFTYVQPFQPKHFFGQFHPALDANADANAQALGYENGYDLIKAYYGNSDWMDTPSPMLTAGDKLAGLPKDTMPTLESHILVKETTEGRHYVANPYFFQVDTAGNQLPYISNMDETYVGDEEVRTLKLLNGEVDYKSQAVNLTQAPVLLEGQEKGNYTIDVKPGIASATLTFNVTSEDLGKRAIFNDVRFRAAMSVAIDRDQLNEVVAFGLGTPNQYIGFSPRPDFIDAKWESHEIAFDPDRARALLDEVGLVDKDGDGDRDLPNGDPFVLDWQFSTQASSSQLVELIAQNWTDVGVTTTIKEVTSDEYRSSQSSNTLDVMMWGKGQPAGSILGDGEIWVPPFDGYFDVRTGMLWAEWISSNGSAGVEPPAWVAELKSELDTYQSSAPGTETSIAAAQKMVEIMTGQVLFIGTINAPAPVYHSNKLKNFPEFKTQSYEFYRTYPYRPAQWWLSE | E28: oligopeptide ABC transporter, periplasmic oligopeptide-binding protein | F28: Membrane transport | I28: Amino acid transport and metabolism | J28: 16 | K28: 25641770 | L28: 0.1636251 | M28: 15 | N28: 25687379 | O28: 0.15033292 | P28: 15 | Q28: 25445365 | R28: 0.16907919 | S28: =AVERAGE(L28,O28,R28) -> 0.1610124
A29: YP_168665.1 | B29: AAV96695.1 | C29: SPO3469 | D29: MTFKSLTLTAVVALASSTAFAEEVRVYNWSDYIDEELLAKFEAETGITLIYDVFDSNEVLETKMLAGGSGYDVVVPTGTFLQRQIQAGAFQKLDLSKLPNHANMWDQIESRTAQYDPGNEYSINYMWGTTGLGVNVGKVREVLGEDAPMNSMDLVFNPENMEKLASCGVHFLDAPTELIPATLKYLGENPDSHDADVIAKAEPVLMAVRPYIQKFHSSEYINALANGDICVAIGWSGDILQARDRAAEADNGVEIEYHAFKQGSLMWFDQMAIPVDAPNPDAAHVFLNFIMDAQNMAAASNYVYYANGNKASQEHLVEDVIGDTAIYPDAETMDNLYTTTPYPAKIQRTVTRLWTKVKSGT | E29: putrescine ABC transporter, periplasmic putrescine-binding protein | F29: Membrane transport | I29: Amino acid transport and metabolism | J29: 12 | K29: 13745428 | L29: 0.16497676 | M29: 9 | N29: 16328490 | O29: 0.17973924 | P29: 7 | Q29: 10749934 | R29: 0.13435376 | S29: =AVERAGE(L29,O29,R29) -> 0.15968992
A30: YP_166078.1 | B30: AAV94130.1 | C30: SPO0825 | D30: MSLAACPTGGPPRQRPEQPARLRPTDQPEGNDMTLIRRTVLGALAALPLAALTPQIARAADTIVLGEVNSYTRLPAFTEPYKKGWELAIEQINAAGGVLGKDLVVVSRDDTGDPATAIRIAEELIAKEGAVMIFGTFLSNIGLAVADFANQKQVFFLASEPLSDALVWSKGNKYTYRLRPSTHMQAAMLAEQAAKLDAVKWATVAPNYAYGQDAVAAFKAELTRLRPDVQFVEEQWPPVFKIDAGPTVRAIEAAKPDAIYNVTFGGDLAKFVREGSLRYLFDDRPVVSLLTGEPEYLEPLQGETPNGWIVTGYPSTDIDTPEHKAFAEAYIAKFGEAPKTGSIVGYNSVLSIAAAITKAGSTETEAMLAAMEGLEVSSSPTGPFMFRAADHQSTMGAYVGKTALVDGQPKMVDWFYADGAAYLPSEEEAAKLRPAE | E30: branched-chain amino acid ABC transporter, periplasmic substrate-binding protein | F30: Membrane transport | I30: Amino acid transport and metabolism | J30: 14 | K30: 15781170 | L30: 0.15682829 | M30: 16 | N30: 15925211 | O30: 0.14514524 | P30: 17 | Q30: 14318297 | R30: 0.14816858 | S30: =AVERAGE(L30,O30,R30) -> 0.15004737
A31: YP_167361.1 | B31: AAV95402.1 | C31: SPO2133 | D31: MARSRTMKLLVPALVAVSMAAAPAMAGDWSGAYLGLGVGYGDADGPGARDGEAASFGGHIGYNFDLGNRFVMGGELEYDRVNNDLGAGGGTLDEIGRLKVKAGYDFGPVLGYGVLGAARATSTFGNENGLVYGLGLAMPVTDYLSVSGEVLRHQFKDFGGAGNDFDVNTFNLRASLRF | E31: outer membrane protein, putative | F31: Membrane transport | J31: 2 | K31: 6255119.8 | L31: 0.15226053 | M31: 2 | N31: 6181927 | O31: 0.13800917 | P31: 2 | Q31: 5337239.2 | R31: 0.13528446 | S31: =AVERAGE(L31,O31,R31) -> 0.14185138
A32: YP_168668.1 | B32: AAV96698.1 | C32: SPO3472 | D32: MYGELALTTRTSSDTFVEFERVQKSYDGETLVVKDLNLTMPKGEFLTMLGPSGSGKTTCLMMLAGFETATHGEIKLDGRPINNIPPHKRGIGMVFQNYALFPHMTIAENLSFPLEVRKIGKSDREAKIKRALDMVEMGAFGGRRPAQLSGGQQQRVALARALVFEPELVLMDEPLGALDKQLREKMQFEITRLAHELGITVVYVTHDQTEALTMSDRVAVFNDGVIQQLAPPDELYEQPANSFVAQFIGENNTLEGEVQEIRDGIAVVRLDDGGLIDCKPVNVSRPGERTRVSIRPERVEFNKSRLQKGVHTLKAEVMEFIYMGDIFRTRVRVAGNDEFIIKTRNAPDQVRLEPGAQIEIGWLPEDCRALDA | E32: polyamine ABC transporter, ATP-binding protein | F32: Membrane transport | I32: Amino acid transport and metabolism | J32: 14 | K32: 11562911 | L32: 0.13467778 | M32: 13 | N32: 13934892 | O32: 0.14885545 | P32: 13 | Q32: 11216357 | R32: 0.13603796 | S32: =AVERAGE(L32,O32,R32) -> 0.13985706
A33: YP_165642.1 | B33: AAV93697.1 | C33: SPO0379 | D33: MTLMKSLMGAAAAMALTAGAALAEPALIFDLGGKFDKSFNEAAFNGAQRWAEETGGSFREIELQSEAQREQALRRFAEAGANPVITMGFAMADPLSAVAADYPDTKFVAVDVTWLDAPNIRQIGFAEHEGSYLVGMMAAMASKSGTVGFVGGMDIPLIRHFGCGYAQGVKAVNPDVKIVANMTGTTPAAWNDPVKGSELTKAQISQGADVVYAAAGGTGVGVLQTAADEGILSIGVDSNQNHLHPGKVLTSMLKRVDVAVYDAMKAGENLETGVFNMGLAEEGVGYALDDNNAALISGEMKAAVDQARQDIIDGKLNVVSYYENDSCPALKF | E33: sugar ABC transporter, periplasmic sugar-binding protein | F33: Membrane transport | I33: General function prediction only | J33: 12 | K33: 11070335 | L33: 0.14447556 | M33: 13 | N33: 12731361 | O33: 0.15238451 | P33: 9 | Q33: 8919797 | R33: 0.12121828 | S33: =AVERAGE(L33,O33,R33) -> 0.13935945
A34: YP_165129.1 | B34: AAV97434.1 | C34: SPOA0300 | D34: MQRRSLMKAAMTAATLTAFGTTAALAENPVLKIGFVGVTSGPAAAWGISNQRSMETRAAWINETGGYTIGGTTYDIEIVSFDDQKDPKRAIAGMERMAQEGIHYVVGPNVDDGAAAVRPVAEANGIMYFPYAFPKELYQAPASNAVLGMVANYQSGPAIYKYLMEKEGVETVAFIAANESDPLSQRDGGVAAAEALGLKVVSSSVTYQVDTTDFTPVLTPVMRTQPDLLVLSGVSPANAPQLIRSARELGFQGLISTETAQDAGVLAEGAGDLANGFISVGGASTPELASPMMNEFVKRYTEMFGEYNDESNTKVYALEYILETLKANPAAIEDVAAFQATMDTFEAPNPYMNGDATLRYVGMTSFGQRRQVAVPLVVNVYQDGAFETLFVAAVD | E34: branched-chain amino acid ABC transporter, periplasmic branched-chain amino acid-binding protein | F34: Membrane transport | I34: Amino acid transport and metabolism | J34: 9 | K34: 11753085 | L34: 0.12892183 | M34: 8 | N34: 13201038 | O34: 0.1328052 | P34: 5 | Q34: 11954596 | R34: 0.13654916 | S34: =AVERAGE(L34,O34,R34) -> 0.13275873
A35: YP_167513.1 | B35: AAV95553.1 | C35: SPO2289 | D35: MTFARVAPRSSDATRAPRPGALIWKSDPSPPHQRARNLRFIHLMGKKMITTLRTTSALALAAAALAAPASAQLLYENQSGGSVRLYGQFNPALISVDDGQQTETQIRDNDLSRSRIGLRLAQPFGDNTFRFRFEAGLGLPNSTETNQLGDNFSGWTRDDLRHIDFSLEGDWGKVSLGQGSMAADGIAESDLSYVGVALYSYLADANAGFFFRDTAGVLSGPAVGDALDTFDGSRRGRIRYDSPEIAGFTFSAAYGENILNTADQSDYYDAAVRYSGEFAGGVQLDAGLAYQVRDNNGVDRSDVVGSASVLLKNGLSFTFAGGTRDNDAAGATDPDYLYFKVAYDVDLFSFGKTGVGVHYYDGSDFNVAGSETKGWGVGIAQRVEAYNTDVYFTYQDYEYDDAANSYQDLSTIVLGARWRF | E35: hypothetical protein SPO2289 | F35: Membrane transport | G35: Porin | I35: Cell wall/membrane/envelope biogenesis | J35: 11 | K35: 12882332 | L35: 0.13289753 | M35: 10 | N35: 13555078 | O35: 0.12824983 | P35: 9 | Q35: 10806952 | R35: 0.11609277 | S35: =AVERAGE(L35,O35,R35) -> 0.12574671
A36: YP_166639.1 | B36: AAV94685.1 | C36: SPO1398 | D36: MLEKITRYLHCRREIVPTRPRTAPVPTAYRIRRKRFSMQTGPLSFSKRLHWIPAMALAFGLNTVQLDAQQAAPKVSVAAAYSKEITEEAVFIGRGEAIDKVDIVARVSGFLDEQLVEDGSTVAEGDLLFRIEPDLYQAVLEARRADLDKAEANLELAGVELARKEELLRREATPASEVDIARANELVAEAAVKSAKAAIRQAELDLSYTEIDAPFAGRLGRVATSVGDVVGPANPPLVTLVRETPIHVTFALNEKRLVDVLQQLGETAETLAESQRSPEVHVTLPNGTPLGETGRLVFVDNRIDPLTGSVVMRAEFANTGRLIVDGAFVHVRISALKPTLRVLVPQAALQRDQRGDFVLVVNDKQMVEQRYVTLGDTVGTAAIVLEGLREGESVIVEGLQRVRPGVAVDAVVAAEQPGE | E36: RND family efflux transporter MFP subunit | F36: Membrane transport | G36: RND family efflux transporter | I36: Cell wall/membrane/envelope biogenesis | J36: 19 | K36: 11139647 | L36: 0.11519381 | M36: 19 | N36: 14569318 | O36: 0.13817493 | P36: 16 | Q36: 11304418 | R36: 0.12172658 | S36: =AVERAGE(L36,O36,R36) -> 0.12503177
A37: YP_168010.1 | B37: AAV96043.1 | C37: SPO2802 | D37: MREKIDCSVKKCSASRKKQERIMKNTSITRRVMLAAAVAASALMTAGAAAAEKVKVAAIYTLPVEQQWISRIHKALNTAADRGDIVYAFSENVANTDYERVMREYAEQGVQLIVGEVFGLERAARKVAKDYPDTAFLMGSSFGPVAPNFSVFDNWIHEPSYLTGMVAGAATESNVIGMVGGYAIPEVNRLMHAFMDGARSVNPDVRFIVNFIDSWYDPPKAKESAFAMMDAGADVMYAERFGVSDAAVERGVKAVGNVIDTSGDYPGTIVASALWHMEATIDKAIANVAGGSFEAADYGQYSFMAYGGGSLVLDESLVAPETVAAVRAKEAEILDGLFRVNVNDDRPVSDN | E37: bmp family protein | F37: Membrane transport | G37: periplasmic binding protein | I37: General function prediction only | J37: 10 | K37: 9368429.9 | L37: 0.11564621 | M37: 12 | N37: 12547805 | O37: 0.14205768 | P37: 10 | Q37: 9011141.4 | R37: 0.11583077 | S37: =AVERAGE(L37,O37,R37) -> 0.12451155
A38: YP_167545.1 | B38: AAV95584.1 | C38: SPO2322 | D38: MQCHGSAHRFPEISRGCSPSLSTKECPMDGGAIAQFLPLILIFAIMYLLLIRPQQKKVKEHQAMVSALRRGDQVITQGGLIGKVAKVKEDGEIEVEIAEGVKVRVVKSTIAQVLNKTEPAN | E38: preprotein translocase, YajC subunit | F38: Membrane transport | I38: Intracellular trafficking, secretion, and vesicular transport | J38: 3 | K38: 2941036.3 | L38: 0.10531415 | M38: 3 | N38: 4232630.7 | O38: 0.13900457 | P38: 2 | Q38: 3238207.2 | R38: 0.12074537 | S38: =AVERAGE(L38,O38,R38) -> 0.12168803
A39: YP_166486.1 | B39: AAV94533.1 | C39: SPO1240 | D39: MLRTLTGRLSRMAVLAAGVAVIAIAPRPAVADNLADALIGAYNTSGLLEQNRALLRAADEDVAIALSALRPIVNWTARIQTTYNRSGNAIASTTATPDTFFAGLELTQLLYDGGAARLGRQAAQETVLATRQALVQIEQQVLFRAVTAYLNVLLQEETVGIRQNNVRLLGEELRASQDRFEVGEVTRTDVALSESRLANARANLADANGALTTAHAEYINAVGRHPGRTTGQPAMPGLPRSEDDAAALALRNHPSLIGAQHQVRALDLVVGQQRANLGPNVRFQAELGFTDDFGGTTFNDSASASVIYSQPLYAGGRLNASVRRAMAQRDASRANLLNVQRNVTQDVSNAYVRFQTANASLTASAERVRAAQVAFDGIREEATLGARTTLDVLTAEQDLLDAQLARISARTERSLAAYQLLASQGLLTAERLGLAVQIYDPTLYYNMVKDAPAAISKRSRDLDRVLEALGKK | E39: TolC family type I secretion outer membrane protein | F39: Membrane transport | G39: type I secretion outer membrane protein | I39: Cell wall/membrane/envelope biogenesis; Intracellular trafficking, secretion, and vesicular transport | J39: 15 | K39: 12065424 | L39: 0.11075728 | M39: 13 | N39: 11593093 | O39: 0.097602598 | P39: 13 | Q39: 12021308 | R39: 0.11491083 | S39: =AVERAGE(L39,O39,R39) -> 0.1077569
A40: YP_168312.1 | B40: AAV96344.1 | C40: SPO3109 | D40: MMRFLTSLVLGAALLAGAAQAQNQPLRITIDEGIIEPLPYAAPNFVPDSPAAAEYAAEIARVLAADLTGSGLFREIPSTAYISQVTSFDAPVQFADWKAINAQALITGAVSVSGNRLTVRFRLWDVFAGAELGSGLQFAGTTDGWRRMSHKVADAVYSRITGESGYFDSRVAFVSESGPKDQRRKRLAIMDYDGANVQYLTDSSSIVLAPRFSPTGDRVLYTSYQGGFPRIHILDVGQVQQRVLQSQDGTMSFAPRFSPDGQTVLFSLAQGGNTDLYAMNIASGQSTRLTSAPSIETAPSYAPDGSRIVFESDRSGTPQLYVMSAAGGEATRISFGQGRYGTPVWSPRGDLIAFTKQSKGRFHIGVMRADGSEERLLTASFLDEGPTWSPNGRVIMFTRETQGASGRAALYSVDISGRNLRPVRTPDGGSDPSWSPLQK | E40: translocation protein TolB | F40: Membrane transport | I40: Intracellular trafficking, secretion, and vesicular transport | J40: 15 | K40: 10222804 | L40: 0.10089676 | M40: 12 | N40: 12297276 | O40: 0.11131366 | P40: 11 | Q40: 10625845 | R40: 0.10920693 | S40: =AVERAGE(L40,O40,R40) -> 0.10713912
A41: YP_168968.1 | B41: AAV96994.1 | C41: SPO3774 | D41: MKKQLATAIAAAMLTVSVAPAVYAEVTVKVAYDADPVSLDPHEQLSGGTLQLSHMVFDPLVRWTQDLQFEPRLAESWEQVDALTTRFHLRDGVTFHSGNELSSADVKWTFDRLKTSPDFKGIFAQFSEVKVIDEDTFDLITTEPYPLVLHTATYIFPMDSKFYSGTTADGKDKAELVKHGDSFASRNVSGTGPFIVTAREQGVKVEFERFGGYWDTASKGNVDKIVLTPIKEDPTRVAALLSGDVDFIAPVPPTDLKRVEEAEGVNLITMPGTRIITFQMNQNRVEAFKDKRVRLAIDYAVNNAGIVDRIMRGFGTVGAQASPAGYLGYDAGLTPRFDLEKAKALMAEAGYADGFSITMMAPNNRYVNDDKIAQAVASMLSKINIKVDLQTMPKAQYWPKFDERAADMMMIGWHSDTEDSANFHQFLSACPDEATGNGQYNSGNYCNPEADKLMNASNSETDVEKRGNMLRQLEGILYEEAAFVPLHWQNLAWGARSGVHAEAIVNALDFPYFGDLVVD | E41: oligopeptide/dipeptide ABC transporter, periplasmic substrate-binding protein | F41: Membrane transport | I41: Amino acid transport and metabolism | J41: 7 | K41: 9046060 | L41: 0.075520317 | M41: 9 | N41: 9671205.7 | O41: 0.074048683 | P41: 7 | Q41: 9405699.9 | R41: 0.081766423 | S41: =AVERAGE(L41,O41,R41) -> 0.077111808
A42: YP_169076.1 | B42: AAV97102.1 | C42: SPO3888 | D42: MAETDAAAAQQPPQIQMRVLGQFIRDMSFENVMAQRGASGDVQPDVNVQVNLDAKKRSTDNQYEIAIKLNITSKAKGMDDVLFVFEIDYCGIFHVEGVPNEQLHPFLLIECPRMLFPFLRRIVSDITRDGGYPPLNLDNIDFMALYRSELARQQAAAQAEQKADA | E42: preprotein translocase subunit SecB | F42: Membrane transport | I42: Intracellular trafficking, secretion, and vesicular transport | J42: 2 | K42: 2412462.8 | L42: 0.063350258 | M42: 3 | N42: 2745436.1 | O42: 0.066119791 | P42: 4 | Q42: 2396386.2 | R42: 0.065527576 | S42: =AVERAGE(L42,O42,R42) -> 0.064999208
A43: YP_168860.1 | B43: AAV96888.1 | C43: SPO3665 | D43: MKKLTTLLAATALTSVAALSATAETWDMPLAYSGSNFHSVTAAEFGNCVTTGTGGEIEIVTHPSGSLFKGADIKRAVQTGQAPIGERLLSGHQNENALFGFDSVPFLATSFDDADKLWKAAKEPLSALLAEQNLTLLYSVPWPPQGLYFKNEVNAVADMKGIKFRSYNNATSRLAELTGMLPVTIEAAEISQAFATGVADSMISSGSTGYDRKVWESLNYFYEVDAWLPRNYVFVNSDVWSGVSDQNKNVIQACAGLAEYAGNWRSKEYTGFTLQGLRDGGMTVGPASDQLVGELKEIGVTMTSEWLEAAGDQGKAIVDAFKAD | E43: solute-binding family 7 protein | F43: Membrane transport | I43: Carbohydrate transport and metabolism | J43: 5 | K43: 4343056.4 | L43: 0.058079405 | M43: 8 | N43: 5735882.4 | O43: 0.070349223 | P43: 6 | Q43: 4560486.9 | R43: 0.063506393 | S43: =AVERAGE(L43,O43,R43) -> 0.06397834
A44: YP_165709.1 | B44: AAV93764.2 | C44: SPO0446 | D44: MIRFRPDLAPPTSAQTLAHCPATDVSVTGPANRITNRSRPMAAYQYVYHMQGVSKSYPGGKKCFENIHLSFLPGVKIGVVGVNGAGKSTLMKIMAGLDKDFTGEAWAAEGAKVGYLPQEPHLDPNLTVRENVMLGVKAKKDILDRYNELAMNYSDETADEMASLQDQIDAENLWDLDSQIDVSMEALRCPPDDANVESLSGGERRRVALCKLLLEAPDMLLLDEPTNHLDAETIAWLQQHLIDYKGTILIVTHDRYFLDSITGWILELDRGRGIPYEGNYSAWLEQKAKRLEQEAREDKAKQKTLERELEWMRQGQKARQAKSKARIQAYNEMANQSEREKVGRAQIVIPNGPRLGSKVIEVEGLSKHMGDKQLIEGLDFSLPPGGIVGVIGPNGAGKSTLFKMITGQEQPDAGSIEIGDTVKLSYVDQSRDDLKDGDTVWEAITGGAEIIQLGDAQVNSRAYCSSFNFKGGDQQKKVSLLSGGERNRVHMARLLKEGGNVLLLDEPTNDLDVETLRALEDALVDFAGCAVVISHDRFFLDRICTHILAFEGDAHVEWFEGNFEDYEEDKKRRLGPDALEPKRLKHKKFVR | E44: putative ABC transporter ATP-binding protein | F44: Membrane transport | I44: General function prediction only | J44: 13 | K44: 8249712.2 | L44: 0.060481564 | M44: 10 | N44: 8446195.5 | O44: 0.056790766 | P44: 13 | Q44: 8401754 | R44: 0.064140704 | S44: =AVERAGE(L44,O44,R44) -> 0.060471011
A45: YP_166789.1 | B45: AAV94835.1 | C45: SPO1548 | D45: MRLFREIAANDPGPTGRMKNMKTFTTALATGVLALCPLAALADSSDPIVIPIHNWSSQIVMSNVVGQIFEEMGVAVEFVTTDSQAVYESVRLGDVTLELEVWEGAFGASFRAALEKGGIVDVGDHDAVTREDWWYPMWTKDACPGLPDWKALNDCAAVFATAETGDKGRYLDGPVDWLKHGKERVEALGMNFEVINAGSAAALWAEIGAAEADKRPVVVFNWTPNFAEAVWPGEFVEFPEWVDGCDKDPAVGPNPDALYDCGNPATGYLKKAAWEGMEAKWPDAYAVLTRISFTNPQIAEMAKLVDVDEMEPDEAAEAWLEANEDVWRPWLDG | E45: glycine betaine/proline ABC transporter, periplasmic substrate-binding protein | F45: Membrane transport | I45: Amino acid transport and metabolism | J45: 5 | K45: 4074400.3 | L45: 0.053014071 | M45: 6 | N45: 5906880.9 | O45: 0.070488466 | P45: 4 | Q45: 3825049.5 | R45: 0.051825567 | S45: =AVERAGE(L45,O45,R45) -> 0.058442701
A46: YP_167183.1 | B46: AAV95224.1 | C46: SPO1948 | D46: MSFVKLSASALAIAAVSATAAAARDQVQVAGSSTVLPYASIVAEAFGENFDFPTPVVESGGSSAGLKRFCEGVGENTIDVANASRKIKDKEVAVCAENGVTDIIEVRIGYDGIVFASDIAGNTFEFTPSDWFLALSDKIMVDGQLVDNPNSTWADVNAAFPAQPIQAFIPGTKHGTREVFEDKVILAGCEATGAFEALKAANGDDKKAAEKACIALRTDGVSVDIDGDYTETLARIESNKDGIGVFGLAFYENNTDKLQVATMSGIVPSTESIATGEYPVSRPLYFYVKKAHIGVIPGLKEYAEFFIADEIAGPDGPLAEYGLVSDPELAKTQEAVADEKVIGGNS | E46: phosphate ABC transporter, periplasmic phosphate-binding protein | F46: Membrane transport | I46: Inorganic ion transport and metabolism | J46: 4 | K46: 3717505 | L46: 0.046552946 | M46: 5 | N46: 5895847.1 | O46: 0.067713333 | P46: 4 | Q46: 3619185.6 | R46: 0.047193913 | S46: =AVERAGE(L46,O46,R46) -> 0.053820064
A47: YP_168920.1 | B47: AAV96947.1 | C47: SPO3726 | D47: MPSKLFSRRSFVTTACAGLAALALPLPAVALTEARAASLVNEVVTEINRVIASGKSENAMIRDFEKLFVRYGDVPIMARYALGPDARTASPAQLKSFTQAFQGYISRKYGKRFREFIGGEVTVKTARKIKAGYEVKTSVKLQGQAPFDVTFLVSDKSGKDKFFNMFIEGVNLLLTERTEIGSMLDRRKGDLNALIRDLASAG | E47: toluene tolerance family protein | F47: Membrane transport | G47: toluene efflux (?) | I47: Secondary metabolites biosynthesis, transport and catabolism | J47: 4 | K47: 1881743.8 | L47: 0.040362757 | M47: 3 | N47: 2370976.8 | O47: 0.046642306 | P47: 3 | Q47: 2048479.5 | R47: 0.045754256 | S47: =AVERAGE(L47,O47,R47) -> 0.044253106
A48: YP_167838.1 | B48: AAV95873.1 | C48: SPO2628 | D48: MKFLTTAATALALTVTAGAAIAACDDGEIVVKFAHVTNTDKHPKGIAASLLAERVNAEMNGTMCMEVYPNSTLYNDDKVLEAMLQGDVQLAAPSLSKFEKFTKKFRLFDLPFMFKNVDAVDAFQTSDAGQALLDSMQKRGLQGLAYWHNGMKQMSASKPLLVPSDANGLKFRVQSSDVLVAQMEAMGASPQKMAFSEVYGALQQGVVDGQENTWSNIYGQKFFEVQDGTTETNHGIIDYLVVTSVDWLDSLDAGVRDQFLTILTEVTNARNAESTKVNNEARDAILAAGGVVRQLTAEQRQEWVDTMKPVWDKFVDDVGQESIDAAQAINASM | E48: TRAP transporter solute receptor DctP family protein | F48: Membrane transport | I48: Carbohydrate transport and metabolism | J48: 11 | K48: 3401222.9 | L48: 0.044255023 | M48: 9 | N48: 3896807 | O48: 0.04650169 | P48: 7 | Q48: 2730132.1 | R48: 0.036990539 | S48: =AVERAGE(L48,O48,R48) -> 0.042582417
A49: YP_165821.1 | B49: AAV93876.1 | C49: SPO0560 | D49: MLELPRRAFALALTMVLAGVLPLRADTVPTLQESVFWGAEVKSGDLPPIDQRIPEEPLIVDLAAKGREFGTPGGVMRTMITRSKDIRQMVVYGYARLVGYDENYNLVPDLLKSYEVEEDRRFTLHLRKGHKWSDGAPFTSADFEYWWKDVANNPLLSPAGPPDFLLIEGQPPRVSFPDATTVMFEWDKPNPNFLQSLAQARPPFIYRPAHFLKQFHQDYADTAQLAAAVEENRVKSWAALHNKLDNMYQFDNAQLPTLQPWINASEGKKIRHNFVRNPYYHRIDTRGVQLPYIDIIEMEIVAPGLVAAKSNAGEVDLQGRGLDFRDASILKKGEADGGYKTYLWQTGVASQIAIYPNLNHNDDVWRALLRDARLRRALSLAIDRDAINRALYFKLAKPGAMAVLPASPFFKQEHRDAWAAYDPARASALLDEVGLDKRDGAGIRLLPDGRPMELVIETAGERQEVENALQIITDTWREIGVKLVMRPLDRDILRNRVFAGTTMASVWFGWDNGLPQAYTSPAYLAPTDQVFLAWPKWGQHYQTAGQVGEAPDLPEAQRLMELLHDWERANNDQDRAAAWSEMLAIHADQIYGIGILAEAPQPIVVSARMRNVPKKGMWAWDPGAHFGVHRMDEFFIQD | E49: oligopeptide ABC transporter, periplasmic oligopeptide-binding protein | F49: Membrane transport | I49: Amino acid transport and metabolism | J49: 13 | K49: 6182222.5 | L49: 0.041985145 | M49: 8 | N49: 6262922.1 | O49: 0.039008604 | P49: 8 | Q49: 5888860.5 | R49: 0.0416449 | S49: =AVERAGE(L49,O49,R49) -> 0.04087955
A50: YP_165331.1 | B50: AAV93388.1 | C50: SPO0057 | D50: MLGLGTLAKKVFGTPNDRKIKATRPVVAQINALEEEFAKLTDEGLKQKTDELRKRALDGESLDALLPEAFANCREAGKRALGLRAFDTQLMGGIFLHQGNISEMKTGEGKTLVATFPAYLNALTGKGVHVVTVNEYLAKRDSEWMGKVFAALGMTTGVIWSGQPDAEKMAAYESDITYATNNELGFDYLRDNMKGELSEVYQKQHNFAIVDEVDSILIDEARTPLIISGPAQDRSDLYVAIDALLPALSDDHFELDEKTRNVTFTDEGNEFLEAQLVARGLLPEGQSLYDPESTTIVHHVNQGLRAHKLFQRDKDYIVRDGEVVLIDEFTGRMMPGRRLSDGLHQAIEAKENAQIQPENVTLASVTFQNYFRLYDKLSGMTGTALTEAEEFAEIYGLGVVEVPTNRPIARTDEDDQVYRTAAEKYGAMIDETKKAHEKGQPVLLGTTSIEKSEMLSQMLTKEGIEHNVLNARQHEREAQIVAEAGRYGAVTIATNMAGRGTDIQLGGNVEMKVLEALAENPEADPVELRAAEEARHAEEKQKVLDAGGLYVMASERHESRRIDNQLRGRSGRQGDPGRTVFYLSLEDDLMRIFGSERLDKVLTTLGMKEGEAIIHPWVNKSLERAQAKVEGRNFDMRKNVLKFDDVMNDQRKVIFNQRREIMATEDLSDVVADMREQVIDDLIDEYMPPKTYADQWDTQGLYAAVIEKLGIDVPVIEWAAEEGVDDDEIRERLIKASGDYMESKAADFGAENMRNIEKQVLLQTIDSKWREHLLKLEHLRSVVGFRGYAQRDPLNEYKTESFQLFEGLLDSLRETVTQQLSRVRMLSEEEQRQMMAQMMAQQNQAEQAAVQAEAVAEAKASGDARPGFVEDDPSTWGNPARNDLCPCGSGKKFKHCHGRLA | E50: preprotein translocase subunit SecA | F50: Membrane transport | I50: Intracellular trafficking, secretion, and vesicular transport | J50: 16 | K50: 8181266.6 | L50: 0.039342998 | M50: 18 | N50: 7195656 | O50: 0.031735817 | P50: 20 | Q50: 9394107.6 | R50: 0.047041589 | S50: =AVERAGE(L50,O50,R50) -> 0.039373468
A51: YP_169074.1 | B51: AAV97100.1 | C51: SPO3886 | D51: MNSPLIQLLVLAGIAIFLILRLKSVLGTREGFEKPPVPQQPENRTRRDFEVIEGGPDRDITDHVPEDSPQAQALAAMKRIEPAFSVSEFVQGARGAYEMIVMGFERGNLDEIEPFLTEEVFETFVGVVAAREDQGLTIEAEFIGVRETSIQDVHFDKDSNRGEITMRFVGELTSVVRDRGGDVIEGSPTAVKRQKDVWTFARVMGTDDPNWLLVATDA | E51: Tim44 family protein | F51: Membrane transport | I51: Function unknown | J51: 3 | K51: 1762543.9 | L51: 0.03503121 | M51: 5 | N51: 2303814.8 | O51: 0.041994763 | P51: 3 | Q51: 1752417.1 | R51: 0.036268719 | S51: =AVERAGE(L51,O51,R51) -> 0.037764898
A52: YP_167028.1 | B52: AAV95070.1 | C52: SPO1791 | D52: MIGSVFRMGALVLGLMAGSLAQAGDFIVVQSTTSTQNSGLLDHILPAFEAETGIEVRVVAVGTGQAIRNAANGDGDVLLVHAKAAEEKFVAEGWGVERFDVMYNDFVLVGPASDPAGVRGGSDIVAALSAIAGAEAPFASRGDDSGTHKAELRHWASAGIDVSAASGGWYRETGSGMGATLNLAAGMGAYALSDRATWIAFGNKGDLVVAVEGDARLFNQYGVILVNPAKHPGVKAEAGQRFIDWLTGDEGQAAIAGYTLDGQQLFFPNAK | E52: sulfate/tungstate ABC transporter periplasmic substrate-binding protein | F52: Membrane transport | I52: Coenzyme transport and metabolism | J52: 3 | K52: 2024836.6 | L52: 0.032373704 | M52: 4 | N52: 2093320.6 | O52: 0.030695204 | P52: 5 | Q52: 2037329.7 | R52: 0.033919018 | S52: =AVERAGE(L52,O52,R52) -> 0.032329308
A53: YP_166945.1 | B53: AAV94990.1 | C53: SPO1707 | D53: MLKLQDLTLHYGHSQILHGISMEAALGEITCVMGTNGVGKTSLIKAISGTHPRSGGEMILDGEPLGVLPAHQLAHKGVAYVPQGREIFPLLTVRENLETGFGCLPASDRLIPDEIFELFPVLKQMQNRRGGDLSGGQQQQLAIARALITRPRLLLLDEPTEGIQPNIIQQIGQVIRHLRSQGTMAIILVEQYFEFAYDLADRFVVLRRGEVLVAGRKGELSKADVLKGVSV | E53: branched-chain amino acid ABC transporter, ATP-binding protein | F53: Membrane transport | I53: Amino acid transport and metabolism | J53: 5 | K53: 1776297.2 | L53: 0.033317727 | M53: 5 | N53: 1926414.5 | O53: 0.033139187 | P53: 5 | Q53: 1553836.7 | R53: 0.030349017 | S53: =AVERAGE(L53,O53,R53) -> 0.032268643
A54: YP_168815.1 | B54: AAV96844.1 | C54: SPO3620 | D54: MMNRFSRRGALGLIGGAATLPMLGTPALANTKMTVGALRFTSHAASFVAFERGYFAEEGLDVEFKFFEAAQPMAVAIASGDADYAVTAITGGLISLAEKGAAKVIGGALSEEKGIDGQMILASNAAYDAGLTSAAALDGRSFAVTQPGSSFHYMGAKIAAVEGASVKFTPLQKVGAIIGAMKSGQVDAWTIVPHIGKALSGGGAVKHIGMVADYLPDYQVTTVFTSASNASGERAQTEAFLRAFSRGAADFNAALVDKTAGDEAGVEMVKLVHKYVYADQPFEKAEKSIRNGAMRLNKDSALNMGSVEDQLGWFKSEGMVKDSITTETLVDSSYVPMI | E54: sulfonate ABC transporter, periplamic sulfonate-binding protein | F54: Membrane transport | I54: Inorganic ion transport and metabolism | J54: 4 | K54: 2261258.7 | L54: 0.028987132 | M54: 7 | N54: 2801281.2 | O54: 0.032933969 | P54: 5 | Q54: 2521616.4 | R54: 0.033659957 | S54: =AVERAGE(L54,O54,R54) -> 0.031860353
A55: YP_166738.1 | B55: AAV94784.1 | C55: SPO1497 | D55: MTTLARQQRRSRSFLTLVTALGVAGFLAYAFWPRPMLVDMAEVVQGRMVLTIDEEGRTRVKEPYVVSSPVAGELQRVTVEPGEVVERGKTVVAQMRPANPSALDVRTREQAHAAVTAAEAALRLAHADLNAAEAKRDFAESELDRAGKLVERGVTSQVTLQRAEQEARVARANLDTVSAAIAMREAELANARAQLIGFDDAALGAVLSERNPEGYSIPLRAPIDGTILKVIQKSETTLPAGAPILEIGDIEGDLEVMAELLSSDAVQVQTGDRVIITNWGGARDLVGIVSRIDPYGYTKHSALGVEEQRVQVIIQFETPSDKRENLGHGYRVEVQIVVWEREDALIVPSAALFRHGDAWAVFAVEEGRAALREVEAGRNNGREAEILSGLEPGARVVLFPSAELVEGMKLAQRQLD | E55: RND family efflux transporter MFP subunit | F55: Membrane transport | G55: RND family efflux transporter | I55: Cell wall/membrane/envelope biogenesis | J55: 5 | K55: 2879624.7 | L55: 0.02999261 | M55: 6 | N55: 3131603.2 | O55: 0.029914205 | P55: 2 | Q55: 2845562.6 | R55: 0.030862142 | S55: =AVERAGE(L55,O55,R55) -> 0.030256319
A56: YP_168561.1 | B56: AAV96592.1 | C56: SPO3365 | D56: MIELAADKGIRLADETIASSPLAVRGLTVSYGQKPAVFSVDMTVQPGAMTAIIGPNGAGKSTLLKAALGIVKPLSGQVTVFGRPLEEQRARIAYVPQRASVDWDFPTRVIDVVLMGLYRELGLLGRLRARHKAQALDCLARVGMRDFADRQIGQLSGGQQQRVFLARALAQDADLYLLDEPFAGVDAATEKAIISVLKSLKQAGRTVVVVHHDLATVSDYFDHVFLINTRRVAEGPVAEAFTADNLQAAYGGRLATAQVDQLARVLG | E56: zinc/manganese/iron ABC transporter, ATP-binding protein | F56: Membrane transport | I56: Inorganic ion transport and metabolism | J56: 2 | K56: 1643660.5 | L56: 0.026673043 | M56: 1 | N56: 1973457.3 | O56: 0.029371123 | P56: 2 | Q56: 1820964.8 | R56: 0.030770995 | S56: =AVERAGE(L56,O56,R56) -> 0.028938387
A57: YP_167067.1 | B57: AAV95109.1 | C57: SPO1830 | D57: MRKTSIAALACVALASPALAADTIKIGLGVPMTGDYAPYSEWQGARCMADMINAKGGVNGMKIEVLIQDSGADTQTAISLAQKFLDEGAVMLGTIPFSDTMIPVAQVAQGYGVSIFQPQSTQVEMHAGIVDNFFTGVSPDPFTATAAANHALSLGVKNVVLMTSDEGGSWSARTPLWFGDVVEAGGGKVLSKLNFSFGTSDWSPQIAEMKALGEQIDAVYISSIMPDIAVLIRQMRSAGIEAYVVGSDGFDDPSLDAIGTDDPAILDKVFFATLAPSHADSAVVRFIAECKEMGIDVPGLFPATGADTVKAVAWAVEQSGSTDPATLAETLRNADSIPVMSVDAISFKETRTYAQRTIPVIGFEGGKRVLISNEIPANTPTDWN | E57: branched-chain amino acid ABC transporter, periplasmic branched-chain amino acid binding protein | F57: Membrane transport | I57: Amino acid transport and metabolism | J57: 4 | K57: 2372722.5 | L57: 0.026772408 | M57: 6 | N57: 3216484.5 | O57: 0.033285441 | P57: 4 | Q57: 2107456.2 | R57: 0.024761592 | S57: =AVERAGE(L57,O57,R57) -> 0.028273147
A58: YP_167022.1 | B58: AAV95064.1 | C58: SPO1785 | D58: MNGTGQQPELSSVVSAKGLDLTFQTNDGPVHALKDVNLEINKGDFVSFIGPSGCGKTTFLRCIAALETPTGGSLTVNGMTPDEARRKRAYGYVFQAAGLYPWRTIAKNIKLPLEIMGFSRQEQEERVRKVLELVDLAGFGGKFPWQLSGGMQQRASIARALAFDADILLMDEPFGALDEIVRDHLNEQLLALWARTGKTIGFVTHSIPEAVYLSTKIVVMSPRPGRITDVIESPLPKDRPLDIRDSAEFIEVAHRVREGLRAGHADD | E58: ABC transporter, ATP-binding protein | F58: Membrane transport | I58: Inorganic ion transport and metabolism | J58: 5 | K58: 1595462.5 | L58: 0.025890894 | M58: 7 | N58: 1902887.4 | O58: 0.028320826 | P58: 4 | Q58: 1796645.2 | R58: 0.030360037 | S58: =AVERAGE(L58,O58,R58) -> 0.028190585
A59: YP_165375.1 | B59: AAV93432.1 | C59: SPO0101 | D59: MKRFVKQGVVSGLALSAALFAGAAWAKDDITIAMQLEPPHLDPTSAAAQAIDSVVYVNIFEGLTRFMGDGSIVPALAESWEISGDGTVYTFRLHAGVTFHDGSAMDAEDVKFSLDRARAEDSANAQKALFAGIDSVDVVDPLTVKVTLKEPNGNFLFNMAWGDAVIVAPESIENIKTAPVGTGPYTLGEWVQGDKIVLNRNTGYWGDQPALAQATFKFISDPTAAFAAMMAEDVDVFTGFPAPENLPQFEADPRFQVLVGSTEGETILSTNNKQAPFDNVKVRQAMAHAIDRQAIIDGAMFGYGTPIGTHFAPHNPAYVDLTGTSAHDPDKAKALLAEAGLPNGFETTLHLPPPSYARRGGEIIAAQLAEVGIKAEIINVEWAQWLETVFKGKDFGLTIVSHTEPMDIGIYARPEYYFQYDNATFQELMGTLNSTTDPDKRTELMQQAQRIISEDYVNGYLFQLAALSVAKAGVQGLWVNAPTAANDLSAISWSE | E59: peptide/opine/nickel uptake ABC transporter periplasmic substrate-binding protein | F59: Membrane transport | I59: Amino acid transport and metabolism | J59: 2 | K59: 3123101.8 | L59: 0.027337113 | M59: 2 | N59: 3906701.2 | O59: 0.031362384 | P59: 2 | Q59: 2817876.3 | R59: 0.025684313 | S59: =AVERAGE(L59,O59,R59) -> 0.028127937
A60: YP_165900.1 | B60: AAV93953.1 | C60: SPO0645 | D60: MLETILCALVTLLPDYLFRRYVQGKRIGHELTLFSVWYELRWGLTSCAMLTLMVITTLFYFHPATNAVTSYFRTVTILPQVGGRVEEVYVENNQPIEAGQPILRLESLSQQAGVEAAHAGIAQIEASRKLALTDLAMADAGIAQARAALTQAQEDLARNQTLKDQGSSAVRLTEIERLDNLVSEREALLQAAEAGKAAAQQQIEVLIPAQMASAQAQLELAKAELGKTLVVAGVDGRIEQFGLQVGDYVSPLLRPAGILVPSHSGRGRFQAGFNQMAAQVIKPGMIGEIGCMTKPFTIVPMVVVAVQDVIPSGQIHPTDVLRDPARNLMPGSVTVYMEPLYEGGADLLPPGSACLANVYTNNHYRLAHDTDMGGFERVFLHVVDTIGVVHAAGLRLRVLLMPVQSLVFSGGH | E60: multidrug resistance efflux pump, putative | F60: Membrane transport | G60: Multidrug resistance efflux pump | I60: Defense mechanisms | J60: 4 | K60: 2274408.4 | L60: 0.023918995 | M60: 3 | N60: 2565103.4 | O60: 0.024740686 | P60: 4 | Q60: 2458733.1 | R60: 0.026925601 | S60: =AVERAGE(L60,O60,R60) -> 0.025195094
A61: YP_168021.1 | B61: AAV96054.1 | C61: SPO2813 | D61: MLDQPIAQIKKLRVEFQTKDGPVVGVEDVSFEINPGETVCIVGESGSGKSVSSLSLMRLVEFGGGDIAGGQLLFDRRDGGELDLATADQDYMRNIRGNEIGMIFQEPMTALNPVFTVGRQLTEGLRVHKGMNQSQAEERALELLRQVRIPEPERRLKQYPHELSGGMRQRVVIAMAMACEPRLLIADEPTTALDVTIQAEILALMDRLKRETGTAVMFITHDMAVVAQMADRVVVMFRGNKVEEGTVEEIFENPQHEYTKALLAAVPKLGEMHGKAAPEPMKLMGVADQRIEPIIGTESPLLTVKGLTTRFPVKGGFFRRTVANVHAVEDVSFTLNKGQTLSLVGESGCGKSSAGRSILRLVEPMAGEIDLDGVDIMQLDQSGLRKARLDMQMIFQDPFASLNPQMQLLEQVAEPMRNYGVASGSELVDRVASLFDRVQLPRSFMRRYPHEMSGGQRQRIAIARALALNPKLIVADEAVSALDVSVQAQVLNLMMELQADLGLSYLFISHDMAVVERVSHHVGVMYLGRIVELGSRVRVFENPQHPYTQALMKAVPIADPRRRKSEKDLNFKPIPSPIHPIGYEPEPSRYIEVEPGHYVLDGEWAGYTVDRDAIHAGQGGH | E61: peptide/nickel/opine uptake ABC transporter ATP-binding protein putative | F61: Membrane transport | I61: General function prediction only | J61: 4 | K61: 3389266.3 | L61: 0.023647531 | M61: 4 | N61: 3456041.2 | O61: 0.022115226 | P61: 3 | Q61: 2926792.1 | R61: 0.021264321 | S61: =AVERAGE(L61,O61,R61) -> 0.022342359
A62: YP_168887.1 | B62: AAV96914.1 | C62: SPO3693 | D62: MRIILLREGQREDNMTYRRKILGLIGGAAVAALATGFSAGTALAQEVTLKLHQFLPAQANVPKLVLDVWADGVEKDSGGRIKVERYPSMQLGGKPPELMDQAIDGVADVVWTVVGYTPGRFPSTEVFELPFMMTNARAVSHAYWEMFEKHMKDDEFKDVHILGTWVHGPGMIHTADPVETPADLQGMKIRGGSRSVNSLLTKLGATPVGMPVPAVPEGLSKGVIDGTTIPWEVTTALKVPELVENHTEFEGRALYTLTFVLAMNKAKYDSLPDDLKAAVDKNSGLEFSVFAGGTQADADGPARQVAEDLGNNIITIDAAGVEEWRALAQPIYDEWLADMDSKGKDGKALLEEAQMLIEKYTPQYSN | E62: TRAP dicarboxylate transporter, DctP subunit | F62: Membrane transport | I62: Carbohydrate transport and metabolism | J62: 4 | K62: 1788582.1 | L62: 0.021173833 | M62: 5 | N62: 2201771.5 | O62: 0.023905357 | P62: 4 | Q62: 1470450.4 | R62: 0.018126775 | S62: =AVERAGE(L62,O62,R62) -> 0.021068655
A63: YP_167868.1 | B63: AAV95903.1 | C63: SPO2658 | D63: MNLLKPILAGAVALGLALPVAAQDRTGTLAKIDASGEIVIGHRESSVPFAYLDENQKPVGYSIDLCMKIVEAVSAELGKELSIKYVPVNPKTRIALMANGTIDLECGSTTNNLTRQEQVEYLPTTFITGTKLMVRKGSGISSVADLDGKAVALAQGTTNERAVKAAIETMGLDVKVLPVRDHAEGMLSLETDRVDVYATDHILLFGLIAKSKTPDAFEVVGDFLSFDPYALMVRRDDSAFELVGKKALAAVFRSGEIDAIYAKWFDPLGVGQTDLLKAAFQLNALPE | E63: glutamate/aspartate ABC transporter, periplasmic substrate-binding protein | F63: Membrane transport | I63: Amino acid transport and metabolism; Signal transduction mechanisms | J63: 4 | K63: 1254493.2 | L63: 0.018939046 | M63: 4 | N63: 1727645.5 | O63: 0.023920861 | P63: 3 | Q63: 1116781 | R63: 0.017556477 | S63: =AVERAGE(L63,O63,R63) -> 0.020138795
A64: YP_166273.1 | B64: AAV94325.1 | C64: SPO1021 | D64: MSKNQVTRRGVLKTGAVAGAGVALPTIFTASSAAAYTNEPTGGTVTLGFNVPQTGPYADEGNDELLAQQLAVEHLNGMGDGGCLNTFTSKALKGNGILGKKVQFVTGDTQTKSDAARASAKSMIEKDGAIMINGGSSSGVAVAVQGLCQDAGVIFMAGLTHANDTTGKDRKANGFRHFFNAYMSGAALAPVLAKEMGSDRRAYHLTADYNWGWTQEESIVASTEALGWETVNTVKTPLASTDFSSYIAPVLNSGADVLVLNHYGGNMVNSLTNAIQFGLLDKVANGKDFKIVVPLYSELMAAGAGDNIKGVLGSMNYNWQLDNEGSRAFVKSFGEKYGKPPSNSAQTCYAQVLLYADACERAGTFNPCGVVEALEGFEFDGLGNGKTLYRADDHQCFKDVLVVRGAQNPTNAYDTLEIVEVTPVAQVMYPPNHPMFGGDEATLGQCNPGA | E64: branched-chain amino acid ABC transporter, periplasmic substrate-binding protein | F64: Membrane transport | I64: Amino acid transport and metabolism | J64: 3 | K64: 1941011.5 | L64: 0.018689053 | M64: 3 | N64: 2646712.8 | O64: 0.023372135 | P64: 2 | Q64: 1800230.4 | R64: 0.018049568 | S64: =AVERAGE(L64,O64,R64) -> 0.020036918
A65: YP_165094.1 | B65: AAV97399.1 | C65: SPOA0265 | D65: MKISSFLTAGALALALSGPALAAEVEWKMTAGVGEGSFLYQNFMERFVGNVATLTQGRVEITSFGAGVLAPAFKAYEVVQDGIVEAGHSTPSYLVNQDATNAIFASFPGGMSAEATLHWVYEGGGEEMLQTFRREEMGLHSIVVGIGTSEIMAHSNVKIETVEDLAGLKYRTSGAFAAVLQNEFGGVPTVVPGNEIYTLLQRKGVDAIEWSTPGANITEGFHEVAPYMIMPGVHQPSFLWEVFVKQETWDALPADLQTLITAAAKLTTYEGYTRFGDSDVKAMADFRNTNVELVVMARAESEKIREAGRNWAQTQAKTQSEAGSRRMQDILDSYLAYQSNWAANSGYLVRDGAE | E65: TRAP transporter DctP family protein | F65: Membrane transport | G65: periplasmic transporter | I65: Secondary metabolites biosynthesis, transport and catabolism | J65: 3 | K65: 1340304.9 | L65: 0.016404842 | M65: 4 | N65: 1989075 | O65: 0.022328111 | P65: 5 | Q65: 1665674.6 | R65: 0.021229421 | S65: =AVERAGE(L65,O65,R65) -> 0.019987458
A66: YP_168244.1 | B66: AAV96276.1 | C66: SPO3040 | D66: MKHLIATTALASLTLAPIAATAAECTNDAWNRIQERGKIVVGVKADYKPWGFRDTDGSIIGMEIDMAAEVAKTLGVELELTPVVASNRMQFLEQGQIDLMIATMTDRADRREIVGIVGPNYYTSGTNILAPKALGFSSWNELNGKPVCGVQGAFYNQIVEDKYGAQIVAFAGAAEARQALRDKKCVAFVYDDSSIGSAIASGEWEDFEMPLASEDDSPWGLAVPKGEENCIFGRFMTGMQYSWHQNGSLINWEAKWGIKPTAYLQELNAKLADQVAE | E66: polar amino acid ABC transporter periplasmic substrate-binding protein | F66: Membrane transport | I66: Amino acid transport and metabolism; Signal transduction mechanisms | J66: 2 | K66: 1128694.5 | L66: 0.017655025 | M66: 3 | N66: 1669090.2 | O66: 0.023944409 | P66: 1 | Q66: 944531.65 | R66: 0.015384663 | S66: =AVERAGE(L66,O66,R66) -> 0.018994699
A67: YP_168315.1 | B67: AAV96347.1 | C67: SPO3112 | D67: METEALALAQEIDFSMWGLFARATLTVKLVMLLLVLASFWAWAIIIQKHILYRATRREADRFDQSFWSGEPLDELFEQIGAQPEGSSEKIFAAGMVEWRRSHRNDGGLIAGAQARIDRSMDVAIAKEAEGLQRGLPVLATVGSTAPFVGLFGTVWGIMTAFIEIAEQQNTNLAVVAPGIAEALLATGLGLLAAIPAVIFYNKLSADSDRIVAGYEAFADEFATILSRQLDS | E67: proton transporter TolQ | F67: Membrane transport | G67: Tol-Pal system | I67: Intracellular trafficking, secretion, and vesicular transport | J67: 2 | K67: 814421.47 | L67: 0.015275975 | M67: 3 | N67: 1145870.6 | O67: 0.019711863 | P67: 3 | Q67: 1039601.1 | R67: 0.02030514 | S67: =AVERAGE(L67,O67,R67) -> 0.018430993
A68: YP_166706.1 | B68: AAV94752.1 | C68: SPO1465 | D68: MKIFSGLSRKATYLMAAAALAVMAAPMSAKAEDRVSAVHAFPEFLVYTKTFLAMVADINERGKGIVQIDVRGGPEAIGMFEQPAAVRDGVVDMVHTPGSFYGANVPEIDAMVASRVTPMEARANGGAALMDKAHQERFNVRHLGWVDGGIKFHIYMNSEPKFRDDGILDLTGVKLRDNPIYHAFFEQLNATTASMPATEVYSALEKGVVDAAAWTEIGIPQLKWNEFLKYRVDPTFYNTDIGVIFNLDAWNALSPESQKLIQDVVIEWEGKSYADRQAEVAADAKTLADGGMSFVSHSAEAGETYRKMADDSAWARMYERIDGGGAGAETYMALRKAYALAE | E68: TRAP dicarboxylate transporter, DctP subunit, putative | F68: Membrane transport | I68: Carbohydrate transport and metabolism | J68: 3 | K68: 1270272 | L68: 0.016093197 | M68: 4 | N68: 1818643.1 | O68: 0.021131263 | P68: 3 | Q68: 1355026.8 | R68: 0.01787611 | S68: =AVERAGE(L68,O68,R68) -> 0.018366856
A69: YP_167010.1 | B69: AAV95052.1 | C69: SPO1773 | D69: MTISFKGLARGVACAALVLAALPAAAKEFRLGLITPPPHTWTKAAEAFGAELSEKSGGAHSVSVFPARQLGNEAQMLQQLQTGALDMAFMTVAEVSNRVPNMGAFYAPYLAGDINHAAAILRSDTARGMLAVLPQEAGVVGVGFGSAGMRQILSRGAVNSAADLSGLKLRITPFDPILDFYNALGAAPTPMPLPAVYDALANGQVDAIDMDVELINVLKYHEHADTILISNHMMFPMVGLISARVYAGMSDADKAMISELMAKHVDSTLDVYMVKEPEWTDALTKVGKTFKRVDQSFFGDAIAQWETIWADKAPSLPELRKTAADLQ | E69: TRAP dicarboxylate transporter, DctP subunit, putative | F69: Membrane transport | I69: Carbohydrate transport and metabolism | J69: 1 | K69: 1415487.8 | L69: 0.018755562 | M69: 5 | N69: 1562272.5 | O69: 0.018985109 | P69: 3 | Q69: 1234485.9 | R69: 0.017032941 | S69: =AVERAGE(L69,O69,R69) -> 0.018257871
A70: YP_168732.1 | B70: AAV96762.1 | C70: SPO3537 | D70: MAHMPTQPGGRALTTRPRAATRARALDIRPGVMLLFAGLLLMALAGIARAEETIIKSHGFSEFGDLKYPEGFAHFDYVNPDAPKGGELSYAAVGTFDNLNPFTRKGRAAARSADQYESLLFPSYDEPASYYGLVAESLEYPESQDWVIFNIRPEARFSDGTPITAEDVVFSHELLLEQGLKSYAEAVRKRIPKAEALDSHRVKFHFAPDIPRRALITQVGGTPIFSKAWFMADPEKRRLDEPRLEQGIGSAPYVLDSFDINRRITYRRNPDYWGADLNVNVGRNNYDSIRVEYYTDTIAAMEGFKAGNYTLRQENNSKSWATAYDFPAIEKGHVIKAELRDGDVPSASGFVINMDRPQFQDIRVRAAVQLAFNFEWTNESLQYGLFQQRHSFWQGTPLEATGLPEGREREVLEALGDALDPAVLSEEPVSAHTSSPDRQNDRKNLRRAMKLLDEAGWAVDGDGIRRNGAGETLRIEFLSDEPTLDRIIQPFVDNLKVMGIDARYNRVDDAQFTLRRRDRDFDMIMGGYPMSLQPSTGLYQQFGSEAAAYSLFNPSGVHGPDIEPLIDGVVAASTTEELQANVRALDRVLRAKRIMVPTWYLGKYWVAYWDKYSYPENLPPYALGLEDLWWVDADRAAALKSSGALR | E70: oligopeptide/dipeptide ABC transporter periplasmic substrate-binding protein | F70: Membrane transport | I70: Amino acid transport and metabolism | J70: 3 | K70: 2675760 | L70: 0.017946772 | M70: 3 | N70: 2744519.5 | O70: 0.016882543 | P70: 3 | Q70: 2681429.4 | R70: 0.018727728 | S70: =AVERAGE(L70,O70,R70) -> 0.017852348
A71: YP_165929.1 | B71: AAV93982.1 | C71: SPO0674 | D71: MMTAKTKLLGAVAGLALAIGAMPAAVAAEGEITVAYFLEWPMPFEYAKQKGTYDEVLGVKVNWVSFESGVKMSAAMASGDVHLSVSQGVPPFVVATSAGQDLQILDVAVSYADNDNCVVRSELEIDKDNAGELAGKKVAVPLGTAAHYGFLKQMNHFGVDVASMDVVDMDPPDGAAAIAQGAVDMFCGWGGSLRRALEHGNVLLTGDEKTELGILVFDVTSGPAGWVAENSDLVAKFLKVTADANAMWADEANRAEMLPLIAKDAGMDEEATASTIATFKFPTIEQQLSGGWLGGNAQTFMKGVADVFVEAGSIDSALDTYENAVNTGPLSAAGGM | E71: taurine ABC transporter, periplasmic taurine-binding protein | F71: Membrane transport | I71: Inorganic ion transport and metabolism | J71: 2 | K71: 1385840.7 | L71: 0.017870871 | M71: 5 | N71: 1552388.5 | O71: 0.018359685 | P71: 2 | Q71: 1192901.9 | R71: 0.01601831 | S71: =AVERAGE(L71,O71,R71) -> 0.017416289
A72: YP_168923.1 | B72: AAV96950.1 | C72: SPO3729 | D72: MSAQDFSARKPIILGLLGLIVLVGGFGTWAVLSQIAGAVVAGGRIEVDRNRQVVQHLDGGVVAEILVDEGDTVPEGQTLIRLDSNLLNSQLLIAEGQLFELMARRGRLEAERDSNSEIVFDEDLLEAARARAEVAELLDGQERLFRARQESVTKETEQLEKRRGQIGNQIEGIVAQQRSRRSQLELIEQELVSQQSLLDKGLAQAGRVLSLERTKAELEGELGELIASQAQQEGRITEIDIEILKLGTTQREDAITQLRDLQYRELEVAEQRRSLLEQLSRLDIKAPVSGIVYGLQVHTPRSVIRPADPVLFLVPQDRPLVIAAKVETIHIDQIHLGQSVTLRFSALDQRLTPELIGTVMQVSADAFVDEASQASYYRVEIQLNEGEVDKLPPGAILIPGMPVEAFIRTADQSPIYYLVKPLADYFTKAFRET | E72: HlyD family type I secretion membrane fusion protein | F72: Membrane transport | G72: type I secretion outer membrane protein | I72: Defense mechanisms | J72: 5 | K72: 1826731.7 | L72: 0.018279258 | M72: 4 | N72: 1701852.2 | O72: 0.015618453 | P72: 5 | Q72: 1671486.9 | R72: 0.017416718 | S72: =AVERAGE(L72,O72,R72) -> 0.01710481
A73: YP_167650.1 | B73: AAV95687.1 | C73: SPO2433 | D73: MRWVFQIWYTKKKLIVETLLASVLADGIPSLSARLAREPETAAIERRQGRRITMSLKFIYVAAGAAALAATTALADPVTLRVQTHYATEHPTGKQLAIWADDVQTMSGGDITIEMFYSSSVVATTETFDAAINGILDCDATGGAYQTGKNPAFQFVGDIMGGYDTPWQQYSWLYFGDGYAAAQELYNAQNMQLIGWAIYGQESLSSSKPIRGFEDLKGWKFRSPPGMETEIFEKLGASPIVMDFTEIFTALETGIIDGADASGLYNNVGLGLYDIVKHATYPGFHSMPSDHLACNLDVWNGLTDQQRRIVDTAWQKLGFQIALSNELNNNAAAAKLRAEGVTLHNWSAEDRAEFRKAAQAAWDDWGTRSPEAGALLASHKSYLTQLGLLN | E73: TRAP dicarboxylate transporter, DctP subunit, putative | F73: Membrane transport | G73: solute binding proteins | I73: Secondary metabolites biosynthesis, transport and catabolism | J73: 5 | K73: 1297686.1 | L73: 0.014417062 | M73: 5 | N73: 2024293.9 | O73: 0.020625906 | P73: 5 | Q73: 1173498.9 | R73: 0.013575921 | S73: =AVERAGE(L73,O73,R73) -> 0.016206296
A74: YP_166460.1 | B74: AAV94509.1 | C74: SPO1213 | D74: MRNGYRVEPMVDHKYALEVDGLTVSLPTNADRPNAVENISFTVAPGEIVCVVGESGSGKSVTASAVMGLLPDALRPIAGRTLLEGEDTLAADKNRLRDLRGTRMAMIFQEPMTALNPVTRVGEQIAEVLEIHTTMSAAERRQRAIEVMESVHLPDPERMVDSFPHQLSGGQRQRIMIAMALVLDPILLIADEPTTALDVTTQAQILKLIKEMQERRGTGVLFITHDFGVVAEIADRIVVMQNGRIVEYGDRDEVLQRPKAPYTQMLMRSVPSMTPPDRSAKTDKTAVEVTALNKVYGRTGWLSKDRIVHAVQDVDLQVRKGETLGIVGESGSGKSTVARCIARLIDPTSGSIGLHGAEIAHLTQGQLHPYRRKVQIVFQDPYRSLNPRRTIGQSLIEAPMNYGMTRDQALTVARDLMELVGLSGDALDRYPHQFSGGQRQRICIARALAVEPDILIADEAVSALDVSVQAQVLKLLDDIRVKYNLAMLFITHDLRVAAQICDRLIVMQKGVVVEHGPTRQVYQDPQHAYTRLLLEAAPGQGMRFGSQIQPTVAQGS | E74: oligopeptide ABC transporter, ATP-binding protein | F74: Membrane transport | I74: General function prediction only | J74: 7 | K74: 2060651.4 | L74: 0.016058369 | M74: 6 | N74: 2171984.6 | O74: 0.015523371 | P74: 7 | Q74: 1946157.2 | R74: 0.015792626 | S74: =AVERAGE(L74,O74,R74) -> 0.015791455
A75: YP_168204.1 | B75: AAV96236.1 | C75: SPO2998 | D75: MSEPLLKVRGLKIGATVYPPGEKPHDIEIVHGVDFDLERGKVLGLIGESGAGKSTIGLASMAYGRGGVKITGGEVWVNGRDILKTSLKDIRGLRGGEVTYVSQSAAASFNPAKKIMEQVIEAAVEQKKFSKPEAEARARALFAKLGLPDPDNIGERYPHQVSGGQLQRCMTALALCPEPDLVVFDEPTTALDVTTQIDVLMAIKEAIRDTGVGALYITHDLAVVAQVSDDIMVLRMGDMVEYGETDQIINRPQEEYTQALVSVRSIEHEEKKPTPDPVLSVKGISARYRGLAFDVLHDVTVDLHPGQTLAVVGESGSGKSTLARVITGLLPPREGEINFAGRKLSRDLAGRSREDLRELQMIYQMADTAMNPRQTVGTIIGRPLEFYFGLRGAEKRKRIIELLDEIEMGEKFIDRYPAELSGGQKQRVCIARSLAAKPRMIICDEVTSALDPLVADGILKLLLDLQKIEDVAYLFITHDLATVRAISDSIAVMYQGRVVRYGPKSQVLSPPFDDYTDLLLSSVPEMRLGWLEEVVAHRKMESAGN | E75: peptide/nickel/opine uptake ABC transporter ATP-binding protein | F75: Membrane transport | I75: General function prediction only | J75: 10 | K75: 1916405.6 | L75: 0.015235708 | M75: 10 | N75: 2043941.9 | O75: 0.014903083 | P75: 7 | Q75: 1846435.5 | R75: 0.015285825 | S75: =AVERAGE(L75,O75,R75) -> 0.015141538
A76: YP_167052.1 | B76: AAV95094.1 | C76: SPO1815 | D76: MAGHASVLQDGSALSRLDRALLRLERGLALISGLAVFSLMLLAVVSVGGRNAMNAPLPGYVDWIEQAMPLIAFMGIAFVQREGGHIRMDLVIGQLKGRALWLFELVSVLLILGLMMLLVWGSWAHFLRAFDMGAPLWSRDSSIDIGIPLWPSKLLAPVAFSVLCLRLGLQVWGYGRAFVLGLEAPVAVPLIQDVAAQAAAEAEQLAGHDNG | E76: TRAP dicarboxylate transporter, DctQ subunit | F76: Membrane transport | G76: periplasmic transporter | I76: Secondary metabolites biosynthesis, transport and catabolism | J76: 3 | K76: 654600.06 | L76: 0.013442043 | M76: 2 | N76: 849766.5 | O76: 0.01600373 | P76: 2 | Q76: 688995.08 | R76: 0.014732787 | S76: =AVERAGE(L76,O76,R76) -> 0.014726187
A77: YP_165782.1 | B77: AAV93837.1 | C77: SPO0520 | D77: MTTLTDPPKEQFRLSMLLYDTRYRSATIQVIAMIGFMLLAAWLISNTAQNLAALGKPIDFGFFSEPASYDINQRLLDYSSRDTHLRAAFIGLLNTLVVAVLGCITATVLGVIIGVLRLSNNWIVARLMTIYVEGFRNVPVLLWIVFIMAILIETLPAPRAFRGDDATASMMLNDSVAVTNRGVYIPDALFSNSLGNVHLFGESSLRFDISLDLMLILIVLGGSLWVSNFLRKRADRIQEQTGDRPVTWWQRLAVVVLPTGLVLVLLGFHLGYPELKGFNFQGGTHLRNSLIALWLALSLYTAAFIAEIVRAGILAISKGQTEAASALGLRSNKIMSLVILPQALRVIIPPLISNYLNLTKNSSLAIAVGYMDITGTLGGITMNQTGRELETILLLMLVYLTISLSISAVMNWYNESVKLKER | E77: glutamate/glutamine/aspartate/asparagine ABC transporter, permease protein | F77: Membrane transport | I77: Amino acid transport and metabolism | J77: 3 | K77: 1404938.4 | L77: 0.014425024 | M77: 3 | N77: 1440258.4 | O77: 0.013562259 | P77: 2 | Q77: 1455049.1 | R77: 0.015556662 | S77: =AVERAGE(L77,O77,R77) -> 0.014514648
A78: YP_167592.1 | B78: AAV95630.1 | C78: SPO2370 | D78: MHDRAVNGQQTRDIMNTPIKAAALAAPMAMLSAAPVLAQSVDEKVNQIFANSTGWFVNFIFSPFPGTSFPWIVMWLVIAATVFTLYFGFIQFRAFPHSISLVKGDYSDPNDAGEVSHFQALATALSGTVGLGNIAGVAVAVGIGGPGATFWMILAGLLGMASKFTECTLGVKYRNEYADGTVSGGPMYYMTKGFKERGLPAGGFMAILFSIFCVLGALGGGNMFQANQAHAQIANVVGDFPGWITGFIFAGIVFAVIVGGLKSIASVTEKVVPFMGVLYVATALVIILMNADMIGWAFGQIFAGAFTGLGIAGGMVGALIQGFKRAAFSNEAGVGSAAIAHSAVRTKEPITEGFVSLLEPFIDTVVICTMTALVIIITGQLVSDPNTGLYLLDEGASTIQTVDGNKGVALTSAAFSSAFPFFKYILAIAVILFAFSTMISWSYYGLKAWTFLFGEGKTKELTFKIIFCLFVVIGASANLGPVIDFSDAMIFAMAVVNIMALYLLMPIVKKELDSYLSRLKSGEIKKFG | E78: sodium:alanine symporter family protein | F78: Membrane transport | I78: Amino acid transport and metabolism | J78: 1 | K78: 1680561.8 | L78: 0.013790889 | M78: 1 | N78: 1527944.4 | O78: 0.011499467 | P78: 1 | Q78: 1481157.7 | R78: 0.012656646 | S78: =AVERAGE(L78,O78,R78) -> 0.012649
A79: YP_165641.1 | B79: AAV93696.1 | C79: SPO0378 | D79: MTVPAIELKGISKSFGPVQANKDISISVAPGTIHGIIGENGAGKSTLMSILYGFYKADKGEIWINGKKTEIPDSQAAIAAGIGMVFQHFKLVENFTVLENIILGAEDGGLLKPSLAKARRTLAELAAEYELNVDPDAVIEEIGVGMQQRVEILKALYRQAEILILDEPTGVLTPAEADQLFRILHRLKDEGKTIILITHKLREIMEATDTVSVMRRGEMTATVKTAETSPEHLAELMVGRKVLLRVDKVPAKPGKPILEIENLRVTDEKGVERVKGIDLTVRAGEILGIAGVAGNGQSELLEVLGGMRPGSGAIRLNGAPLPLSGPGSDARARRTAHVAHVPEDRQREGLIMDFHAWENVAFGYHHDPAYQSGIFMNNAALRADTERKIEKFDVRPADGWLAAKNFSGGNQQKIVVAREIERNPDLLLVGQPTRGVDIGAIEFIHKQIVALRDQGKAVLLVSVELEEIFGLADRIAVMFDGHIMGERLPDETDEKELGLLMAGVNGEAA | E79: sugar ABC transporter, ATP-binding protein | F79: Membrane transport | I79: General function prediction only | J79: 6 | K79: 1394146.4 | L79: 0.011867583 | M79: 5 | N79: 1349160.9 | O79: 0.010532951 | P79: 4 | Q79: 1610389.6 | R79: 0.014274615 | S79: =AVERAGE(L79,O79,R79) -> 0.01222505
A80: YP_166895.1 | B80: AAV94941.1 | C80: SPO1656 | D80: MIKAGGPAPSPSGLEPVAPQIATPRDIWSKRKKAFFALRQGDKNMSKMAEYDGPILEIDKLSISFFTRLREIPAVMDFSVTVQPGEAVGLVGESGCGKSTVALGVMQDLGKNGRIVGGTIKFKGRDLAQMSAEELRDIRGNEIAMIYQEPMASLNPAMKIGRQLMEVPMIHEGVSADEARKRALEVVSDVRLPDPERMLNSYPHQLSGGQQQRIVIAMALMSKPALLILDEPTTALDVTVEAAVVELVKDLGKKYGTSMLFISHNLGLVLETCDRLCVMYSGEAVERGSIKDVFDEMQHPYTQALFRSIPLPGADKNSRPLVAIPGNFPLPHERPPGCNFGPRCDYFEAGRCDAQDILMEAVPGNDRHHTRCLKFREIDWNAPIMLAAQKEKGEIGEVVLKMDNLKKYYEVSANALFGGGEKKVVKANETLSFEARESETLAIVGESGCGKSTFAKVLMGLETATDGHILLDNRSIEQIPIEERDTKTVSDVQMVFQNPFDTLNPSMTVGRQIIRALEIFGIGKTDGERQQRMLELLDLVKLPRAFAERMPRQLSGGQKQRVGIARAFAGGARIVVADEPVSALDVSVQAAVTDLLMEIQREQKTTLLFISHDLSIVRYLSDRVMVMYLGHVVELGTTDQVFSPPYHPYTEALLSAVPIADTSVIKEHIVLEGDIPSAMNPPPGCPFQTRCRWKSEVPGGLCDKDVPPVRQLGDGHQVKCHLSDEVLARMGPVIKIAAE | E80: oligopeptide/dipeptide ABC transporter, ATP-binding protein | F80: Membrane transport | I80: General function prediction only | J80: 8 | K80: 2077922.1 | L80: 0.012183064 | M80: 7 | N80: 1965646.2 | O80: 0.010569757 | P80: 9 | Q80: 2105515.1 | R80: 0.012854795 | S80: =AVERAGE(L80,O80,R80) -> 0.011869205
A81: YP_165506.1 | B81: AAV93562.1 | C81: SPO0237 | D81: MASITLDNLVKAYGDTEVLHHVAGQIEDGEFIVIVGPSGCGKSTLLRMVAGLETVTAGQISIGDRVVNQLEPADRDIAMVFQNYALYPHMSVRENMAYGLKIRKISKDEIARRVEEAADILELRPYLDRKPRQLSGGQRQRVAMGRAIVRNPQVFLFDEPLSNLDAKLRVQMRLEIRKLQQRLGVTSIYVTHDQVEAMTLGDRLMVLNGGYVEQFGTPIELYDRPATTFVAGFIGSPAMNFLPATAAEGSVTLANGARIAGSGTAHGTVTLGLRPEHLLPDEGGPVRVRVELVEQLGANSLLHGQLEGTDTEMVVSMPGHMSAAADAVMAFTPTADSLHLFDPETGKRIAE | E81: glycerol-3-phosphate transporter ATP-binding subunit | F81: Membrane transport | I81: Carbohydrate transport and metabolism | J81: 2 | K81: 870541.18 | L81: 0.010746175 | M81: 2 | N81: 1107487.7 | O81: 0.01253822 | P81: 2 | Q81: 902300.89 | R81: 0.011598331 | S81: =AVERAGE(L81,O81,R81) -> 0.011627575
A82: YP_166790.1 | B82: AAV94836.1 | C82: SPO1549 | D82: MRFMGSPVISARNVWKIFGKDPVGYLKTLQPGRSFDDIRADGYIAGVRDVSLDVARGEMLVIMGLSGSGKSTLVRCFSRLHEITGGSIEVDGQIIGDLSEKDLIELRRNKMGMVFQSFGLLPHRTVLDNVAFPLEMRGQDRHTRRKRALEVIELVGLAGREDYFPRELSGGQQQRVGIARSLAIEPDIWFLDEPFSALDPLIRREMQDEFLRLQAMLGKTIVFITHDFDEALRLADRIAIMKDGAVEQCDTPDQIVMNPTTGYVAKFTEEIDKARVVHAGVLARAGVVGEGQPVEAGATVQQLARLLVNDSRDLIPVADKGQVIGALDRQGALDILLKAS | E82: glycine betaine/proline ABC transporter, ATP-binding protein | F82: Membrane transport | I82: Amino acid transport and metabolism | J82: 4 | K82: 869915.46 | L82: 0.011085871 | M82: 3 | N82: 844431.61 | O82: 0.0098693748 | P82: 2 | Q82: 880696.01 | R82: 0.011686874 | S82: =AVERAGE(L82,O82,R82) -> 0.010880707
A83: YP_166550.1 | B83: AAV94596.1 | C83: SPO1307 | D83: MTEAAPVIQIKNLHKSFGQLEVLKGVDITAHRGDVVSLIGSSGSGKSTLLRCCNLLEDSQQGEILFNGEPVRWTGTGSHRRPADAKQVLRIRTNLSMVFQQFNLWAHMTILQNVMEAPIQVLGRDRAEVEDSARRYLDKVGIGDKCDNYPAQLSGGQQQRAAIARGLCMEPQALLFDEPTSALDPELEQEVIKVIRDLAAEGRTMILVTHDMKMAADISSHVIFLHQGLVEEEGTAEDIFAAPKSERLQGFLSVTKAA | E83: His/Glu/Gln/Arg/opine family ABC transporter ATP-binding protein | F83: Membrane transport | I83: Amino acid transport and metabolism | J83: 1 | K83: 624820.06 | L83: 0.010493176 | M83: 2 | N83: 703791.58 | O83: 0.010839979 | P83: 1 | Q83: 575146.41 | R83: 0.010057961 | S83: =AVERAGE(L83,O83,R83) -> 0.010463705
A84: YP_167554.1 | B84: AAV95593.1 | C84: SPO2331 | D84: MSLRNGPGRVFPLGGIEERHIMRLVPFLTAILVTVTLYMLVFERDALMAFAKAESTTQAAPETPPAADPVGAAIAETATIGVVVLRSQASEIDSAVVLRGQTRAMRQVEVRAETTSTVISEPKRKGSFVKAGDLLCELDPGTRPASLAEARARKAQAESSMPEAEARLDEAKARLKEARINDNAAQKLAQTGYASETRRVATEATVRSAEAGIKAAEAGLETSRASIEAAAAAVDAAQREIGRLTIMAPFQGLLESDTAELGSLLQPGALCATIIQLDPIKVVGFIPETEVNRVQVGALAGAELATGLQVQGRVTFLSRSADETTRTFEVEITVANPELLIRDGQTATIAISSDGAKAHRLPQSALTLNNEGELGVRVVREGNKVGFVPVELVRDTPTGIWVTGLAEQADVIVVGQDFVTEGVTVTPTWREVSE | E84: RND family efflux transporter MFP subunit | F84: Membrane transport | G84: RND family efflux transporter | I84: Defense mechanisms | J84: 1 | K84: 1036774.5 | L84: 0.010350618 | M84: 0 | N84: 1082032.5 | O84: 0.0099072846 | P84: 2 | Q84: 971695.37 | R84: 0.010101634 | S84: =AVERAGE(L84,O84,R84) -> 0.010119846
A85: YP_166383.1 | B85: AAV94432.1 | C85: SPO1132 | D85: MTEATTPAITCQNLWQVFGPGANDALAEALARSGGDAEAAAAELRDKGLIPAVQDASFEVREGELFVIMGLSGSGKSTLIRCISQLLPGTGGEIRIEGDNVVGASKKRLTELRRRKLGMVFQHFGLFPHMTVAENVAYPLKVQGVGRKERRARAQEVISLVGLEGREDSFPRQLSGGQRQRVGIARSLAVNPDIWFLDEPFSALDPLIRRQLQDEFLRIQATLKKSIVFITHDIAEALKLADRIAIMRDGKIVQIGTPTEIVLNPVDDYVREFSKDVAKGRHAKVASVMRAGVEEQGPDDPGLTAGMTLDTALARCMQLYQPVPVRDASGAIVGTVQPSDLAAALQVDDT | E85: glycine betaine/proline ABC transporter, ATP-binding protein | F85: Membrane transport | I85: Amino acid transport and metabolism | J85: 3 | K85: 690295.65 | L85: 0.0085455259 | M85: 2 | N85: 701783.48 | O85: 0.0079678137 | P85: 3 | Q85: 656536.87 | R85: 0.0084633503 | S85: =AVERAGE(L85,O85,R85) -> 0.0083255633
A86: YP_167411.1 | B86: AAV95452.1 | C86: SPO2186 | D86: MTSEIQGNRPLSEEELQDLVASSDAGARDPAGSIGLFLAIVAVIWSVFQLILASPLSNMLLPGSIVNNSRQVHLAFALFLAFAAYPALKSSPRDRIPAQDWVMAVLGAGIALYGYFFYDKLVNSGGLADDTDKWVALVGLILLFEAARRALGPAMAIIATIFLAYVFWGASEWVPEVIRWKGASLKKAMSHMWITSEGVFGIALGVSTKFVFLFVLFGALLDKAGAGNYFIKMAFGALGHLRGGPAKAAVVGSAATGLISGSSIANVVTTGTFTIPLMKRVGFTSEQAGSVEVASSVNGQIMPPVMGAAAFLMVEYVGISYVEVITHAFLPAAISYIALIYIVHLEAVKRNMPTLGNREVHLIRTVAGMLSFFLIFAGLCYATQFPAQAIAAWAPSSAGLIMGLIVTAIYIVLVRLAAQVPDLEPDDPNAEVVELPDIAQIYKAGLHYLLPIVVLVYFLMIEQKSPGLSAFWATALLFVILLTQKPLKSLFRGESEMATSFMSGVADLWQGLIDGARNMIGIALATGTAGVIVGTVTLTGVGQVMADLVEFLSGGNLVLMLVMVGLLSLVLGMGLPTTANYIVVSSLMAGVVVQLGAQSGLIVPLIAVHLFVFYFGIMADVTPPVGLASFAAAAVSGGDAIKTGFTAFFYSLRTVALPFVFIFNTDMLLIDVGWVGGILVAISATIAVLVFTAGTMGFFLTRSRIYESVALILVAFVLFRPDYVMNRIAPPFELFEPARLEQAVGDAAPGDVLRVIVSGPDFDSGEMKDLSLELTVGDESDGAARVEAMGFLTLEEDGLIKLEEPLFGTPIAESLQDFDFYADEAVRIVTVKAPANQPPKELVFIPALLLLGLVAFLQRGRAARQGVPA | E86: TRAP transporter, 4TM/12TM fusion protein | F86: Membrane transport | I86: General function prediction only | J86: 2 | K86: 1704672.7 | L86: 0.0084994915 | M86: 2 | N86: 1551202.9 | O86: 0.0070933748 | P86: 2 | Q86: 1643275.7 | R86: 0.0085318244 | S86: =AVERAGE(L86,O86,R86) -> 0.0080415635
A87: YP_167658.1 | B87: AAV95695.1 | C87: SPO2441 | D87: MNNPMNLARSVIAVAAMTSASAAWAECGEVSLTEMNWPSSQIITHTAKFLMEQGYGCTVELVPSATVTSVASLAENGEPDIVTELWLNSAGEAYLKLEAEGKVERLAEVFNPGGLEGWWIPTYLAEANPELTTVAGILANPDLVGGRFNNCPVGWGCRIVNDNLITALGMRDKMEIFDHGSGETLATSIAAAYEDKTPWFGYYWAPTAVLGKYPMTQISIGDIDMDVHLANQSAENANPGVSDFPPAPVLTVATSALTERAPDVADLMRNVSFDIEVMNAVLAWKDDNGASAEEAAVYFLSNNSDVWAGWVNDAAREKLAALIK | E87: glycine betaine/proline ABC transporter, periplasmic glycine betaine/proline-binding protein | F87: Membrane transport | I87: Amino acid transport and metabolism | J87: 2 | K87: 483365.55 | L87: 0.0064640155 | M87: 2 | N87: 773107.77 | O87: 0.0094819815 | P87: 2 | Q87: 436586.03 | R87: 0.0060796148 | S87: =AVERAGE(L87,O87,R87) -> 0.0073418706
A88: YP_165109.1 | B88: AAV97414.1 | C88: SPOA0280 | D88: MYLNLKTATASALALACGLAAGTASAETTLRLSTYVNEADIRYAGFTHFADLVAEKTGGSVKVEVFPSATLHGWSEGVDSVQGGVSDISWINADNRLPCYAVTSLYPAEVSLEDQTGLDAAYAALIRDEAANAGLVPLFNSNYSYDQEWWFEEPVADIGNLDGKLVRSIGPLVSMMIETWGGEPVFVAPKEVFQSAERGVVDGINMGVATYSSWKLWTVMPYMVNANLFYGNIQYMMNKAKFDALSADEQAALTAAAAETEAWLQPRYEAWVDQQVGNAVMQGGGAAVSISDDQRASLIASVKPKWDETVNAACGGELADSIRALLASHAP | E88: TRAP dicarboxylate transporter, DctP subunit, putative | F88: Membrane transport | I88: Carbohydrate transport and metabolism | J88: 3 | K88: 499165.22 | L88: 0.0065341338 | M88: 2 | N88: 639731.84 | O88: 0.0076802268 | P88: 2 | Q88: 482499.24 | R88: 0.0065768793 | S88: =AVERAGE(L88,O88,R88) -> 0.0069304133
A89: YP_166755.1 | B89: AAV94801.1 | C89: SPO1514 | D89: MRVHSLLRPIIAALAMAMAALPALGEVQLRVAYLRQEVERPPVLSNLDPEPAGLGLDGAQLGLEDNRTSGRFLGQTYTLDTYEVPIGGDLEAAARAALAEARMLVIDAPAEAVLRIADLAEAEGALLFNAGAEESALRDAACRANLLHTAPSLAMRADALMQVLQRKRFSRLAMITGHGAPDLAFAEALRRSAAKFGLKMVADKPWPFDADMRRNASQEVPLFTQDFAEHDMLLIADEIGDFGRYIAYNTWTPRPVAGSEGLVPVAWSRVVEQWGAAQLQSRFWDLAGRDMRPRDYAAWAALRVLGEAVTRTNSTDPATLRAYILSDAFELAGFKGRPMSFRPWNGQLRQPIPVVTERAVVMQAPVEGFLHQRSELDTLGLDAPESRCTAFQE | E89: hypothetical protein SPO1514 | F89: Membrane transport | G89: Periplasmic binding domain of ABC transporter | I89: Amino acid transport and metabolism | J89: 3 | K89: 616350 | L89: 0.0067952674 | M89: 2 | N89: 582538.33 | O89: 0.0058902813 | P89: 3 | Q89: 500886.75 | R89: 0.0057504023 | S89: =AVERAGE(L89,O89,R89) -> 0.006145317
A90: YP_167047.1 | B90: AAV95089.1 | C90: SPO1810 | D90: MDQFTINLLFVGASFALYIGIAIWARAGSTSEFYAAGRGVHPVMNGMATAADWMSAASFISMAGLIAFVGYDNSTFLMGWTGGYVLLALLLAPYLRKFGKFTVSEFIGDRFYSSTARLVAVICLIVASVTYVIGQMTGVGVAFGRFLEVSNTTGLLIGACVVFAYAVFGGMKGVTYTQVAQYVVLIMAYTIPAVFISLQLTGNPIPGLGLFGEHTASGEPLLAKLDAILKELGFSEYTTHNGDTFNMVLFTLSLMIGTAGLPHVIMRFFTVPKVSDARWSAGWALVFIALLYLTAPAVGAMARLNITDMFWPNGTDGEAVTIEQIETDPRYDWMANWQKTGLLGWEDKNGDGKIQYYNDKSDAMAAKAAEKGWAGNELTNFNRDILVLANPEIANLPGWVIGLVAAGGLAAALSTAAGLLLAISSAVSHDLIKGSINPNISEKGELLSARIAMAVAIGVATYLGLNPPGFAAQTVALAFGLAAASIFPALMMGIFSKKINNSGAVAGMLAGLVVTLLYIFLHKGWFFIPGTNSFTDADPLLGTVKSTSFGAIGAAVNFGVAYLVAGMTKETPQEIKDLVESVRIPRGAGAAQDH | E90: sodium/solute symporter family protein | F90: Membrane transport | I90: General function prediction only | J90: 2 | K90: 1082598.9 | L90: 0.0078968305 | M90: 1 | N90: 734347.65 | O90: 0.0049126898 | P90: 2 | Q90: 627398.85 | R90: 0.0047655004 | S90: =AVERAGE(L90,O90,R90) -> 0.0058583403
A91: YP_165915.1 | B91: AAV93968.1 | C91: SPO0660 | D91: MKHLFKGLIAATAVASVLVGTTATAEEPRRGGTLKTQLGNNLRTLNSAVQSGIVTGFPGAQLFASPLRYDDSWTPQPYLAESWEVSADGLKVTLNLVKNAVFHDGHPITSSDIAFSVKVIQEAHPFKSMFAPVTSVDTPDDHTAVLNLSHPHPGLMLAMSGQLMSIIPEHIYGDGQDFKTHPRNIENVVGSGPFKLAEYKNGEHVILERFDDFFIEGRPYLDKIVMRIITDSSARAIAYENGELDFGAFESEPLIINRLKKVDHLTVTPTGYGAIGALDWLAINTTKGPLADKRVRQAIAYAIDKNFIQNALMQGTVQDSNTGIHPDSPFYNADVNAYALDLDKANALLDEAGYPMKGDERFAVTIDYGWPSAKPHVEYVRAALKKVGINVEVRASADFPTWAKRMGTMDFDLSWDAVFNWGDPSIGVHRTYLTSNIAKGVWSNTQGYSNARVDELLDMAGKENDPEKRKALYAEFQSIVNDEVPIYFVQTLPYHTVYSNKVMNAPVNGIWSTSSPLDQVWLKE | E91: peptide ABC transporter, periplasmic peptide-binding protein | F91: Membrane transport | I91: Amino acid transport and metabolism | J91: 3 | K91: 665902.82 | L91: 0.005506191 | M91: 3 | N91: 774816.9 | O91: 0.0058758659 | P91: 3 | Q91: 601871.05 | R91: 0.0051823102 | S91: =AVERAGE(L91,O91,R91) -> 0.0055214557
A92: YP_168692.1 | B92: AAV96722.1 | C92: SPO3496 | D92: MQDYLNQAEVIWPLLVSAAKALVVLILGWTLAGTIAGLVRRRINATPQIDPTLGNFTASLVKWAILAMVLVAVLGIFGIEATSIVAVLGAASLAIGLALQGTLSDLAAGVMLVVFRPYKLGQFVDIGGTSGTVRDLNLFTTELVTPDNVQIIVPNGQAWGAIITNYSAHDTRRVDLVFGIDYDDDAGKAMEIIERTASADSRVLADPAPWVRVTNLGDSSVDLTARIWCRAEDYWELKFELTRRVKEAFDAGGISIPYPHSVEIHKEA | E92: mechanosensitive ion channel family protein | F92: Membrane transport | I92: Cell wall/membrane/envelope biogenesis | J92: 2 | K92: 326012.02 | L92: 0.0052707269 | M92: 2 | N92: 328687.24 | O92: 0.0048736253 | P92: 3 | Q92: 353077.5 | R92: 0.0059441053 | S92: =AVERAGE(L92,O92,R92) -> 0.0053628191
A93: YP_166792.1 | B93: AAV94838.1 | C93: SPO1551 | D93: MTTSKRVAIIGAGPSGLAQLRAFQSAAAKGEEIPEIVCFEKQDNWGGLWNYTWRTGLDENGEPVHCSMYRYLWSNGPKEGLEFADYSFEEHFGKQIASYPPRAVLFDYIEGRVLKANVRDWIRFSTAVRWIDYNDETGLFKVTVHDHTNDRVYSEEFDHVICASGHFSTPNVPHYEGFETFNGRLVHAHDFRDAREFAGKDILVVGSSYSAEDIGSQCWKYGAKSITSCYRSAPMGFKWPDNWEEKPALVKVDKNTVFFSDGTSREVDAIILCTGYKHFFNFLPDDLRLKTANRLATADLYKGVVYVHNPKMFYLGMQDQWFTFNMFDAQAWWVRDAIMGKIDLSNVTKEQMLADVTERETREEASDDVKYAIRYQADYVKELVAETDYPSFDIDGACEAFFQWKKHKGEDIMAFRNNSYTSVITGTLAPVHHTPWKDALDDSMEAYLRN | E93: flavin-containing monooxygenase | F93: Membrane transport | G93: flavoprotein involved in K+ transport | I93: Inorganic ion transport and metabolism | J93: 0 | K93: 419770.25 | L93: 0.004041763 | M93: 0 | N93: 527186.45 | O93: 0.0046553871 | P93: 3 | Q93: 612743.23 | R93: 0.0061435196 | S93: =AVERAGE(L93,O93,R93) -> 0.0049468899
A94: YP_168211.1 | B94: AAV96243.1 | C94: SPO3005 | D94: MRHLDLFEGSVRADCLTLMDRAAMKLDLARVAGRIRTQGRISQPMARRPTSPVASEERAGSKKVGVLSALWPFMMPYKALMAGALMALVLTASMSLALPLAVRRVVDNFRIENGDLLDVYFLAALGIAAVLALGTGIRYALVTRLGERVVADIRKAVFDRVIGMSPEFYERIMTGEVLSRITTDTTLIQSVLGSSASIALRNMLLFAGGLVLMLLTSAKLTGLVLLLVPAVLVPILVLGRRLRAISRENQDWIAASSGNASEALSAVQTVQSYTNETASRAAFAEVTETAYDVSRRRIATRAVLTVIVIFLVFSGIVGVLWMGANDVRAGVMTEGTLIQFVIYSVIMAGAVAALSEIWSELQRAAGATERLVELLNAADSVNDPVQPAALALPVQGEIAFDNVTFRYPARPDQVALDGMSLTVRPGETVAFVGPSGAGKTTVIQLIQRFYDPQSGRVLLDGQDLTTLSRADFRRHIALVPQDPVIFAASARENIRFGRPSASDAEVEEAARAAAAHEFIAALPEGYDSFVGERGVMLSGGQKQRIAIARAILRDAPVLLLDEATSALDAESERAVQQAVERLSADRTTLIVAHRLATVKKADRIVVLEAGRIVAQGTHDELVAGGGLYARLARLQFTDGLAAE | E94: ABC transporter, ATP binding/permease protein | F94: Membrane transport | I94: Defense mechanisms | J94: 2 | K94: 731804.4 | L94: 0.0049312355 | M94: 3 | N94: 687596.3 | O94: 0.0042493904 | P94: 1 | Q94: 689767.73 | R94: 0.0048399752 | S94: =AVERAGE(L94,O94,R94) -> 0.0046735337
A95: YP_167029.1 | B95: AAV95071.1 | C95: SPO1792 | D95: MAEFLTTRELADLLRIGERKAYDLAASGEVPHVRAMGKLLFPRAEVLAWLNASRAGPRVAEPPLPPILAGSHDPLLDWALRESGAGLATYYDGSFDGLTRLKERKAQAAALHIREADGFNTASLRDALGEAPVVLIEIARRQRGLLLAPGVSGITGLADLRGRRVAMRQSSAASQHLFLAELENLGITPADLAPDPACARTEEDLAMLLQSGKAEAGFGLGALASPHGLGFLPTHEERFDLAIWRRAAFDPPMTRLMSFLRGPAFATRATEMGGYDLSGLGTVHHNGASG | E95: excisionase family DNA-binding protein | F95: Membrane transport | G95: solute binding proteins | I95: Inorganic ion transport and metabolism | J95: 2 | K95: 262638.69 | L95: 0.0039240308 | M95: 1 | N95: 300650.76 | O95: 0.0041197265 | P95: 2 | Q95: 374819.7 | R95: 0.0058314378 | S95: =AVERAGE(L95,O95,R95) -> 0.004625065
A96: YP_165456.1 | B96: AAV93512.1 | C96: SPO0186 | D96: MKTNLTRRVMMAAASAAFAFSTPSWAEPVVDSIHFLIPGGAGGGWDGTARGTGEALTAAGLAGTASYENMSGGGGGKAIGYLIENAASNHGTLMVNSTPIIIRSLTGVFPQNFRDLTLVAGTIGDYAAIVVGKDSPVNSMTDLLASFDADPSGTAIGGGSVPGGMDHLVAAMVMEAAGKDSLAVKYIAYDAGGKAMAALLSGEIAALSTGFSEAVDLANAGEVKIIGVTSDDRVAAYPDAPTMKEQGIDTTFVNWRGFFGAPGLPEDRLAAYQEAIAKMYDTPEWEAVRARNGWVNIHNSGDDFRAFLEKQEQQIGDLMRKLGFL | E96: hypothetical protein SPO0186 | F96: Membrane transport | G96: periplasmic solute-binding receptor of tripartite tricarboxylate transporters | I96: Function unknown | J96: 1 | K96: 237474.61 | L96: 0.0031659607 | M96: 3 | N96: 535284.32 | O96: 0.0065449335 | P96: 2 | Q96: 265437.56 | R96: 0.0036849386 | S96: =AVERAGE(L96,O96,R96) -> 0.0044652776
A97: YP_165868.1 | B97: AAV93923.1 | C97: SPO0608 | D97: MPQSISGIADNREEKMRRYLLSAAAVCAVVAGQAAYADEAAAKKWIDEEFQPSVLSKDEQMAEMQWFIKAAEPYAGMEINVLSEGIPTHSYESEVLTKAFEEITGIKVNHQILGEGEVVQAVQTQMQTKRNLYDAYVNDSDLIGTHSRLQLAYNLTDMMAGDFKDVTNPGLDLGDFMGTQFTTGPDGDLYQLPDQQFANLYWFRKDWFDREDLKAAFKAKYGYELGVPVNWSAYEDIAEFFSEDVKEIDGTAIYGHMDYGKRAPDLGWRMTDAWLSMAGAGSKGEPNGIPIDEWGIRMEAGSCNPAGASVTRGGAANGPAAVYAIRKWDEWLRKYAPPGAASYDFYQSLPALAQGNVAQQIFWYTAFTADMVKPQSEGNNTVDGDGNPLWRMAPSPHGPYWEDGQKVGYQDVGSWTILNSTPLDRAQAAWLYAQFVVSKTVDVKKSHVGLTFIRDSSVNHESFSERAAKLGGLVEFYRSPDRVRWSPTGINVPDYPKLAQIWWQQIGDVNSGAFTPQEAMDRLAFEMDTVMARMQAADEAANVYGGCGPRLNEEKDAEWWFANGGAKPKLDNEKPQGETVNYDELVARWAKN | E97: sugar ABC transporter, periplasmic sugar-binding protein | F97: Membrane transport | I97: Carbohydrate transport and metabolism | J97: 2 | K97: 507777.6 | L97: 0.0037164093 | M97: 3 | N97: 574678.15 | O97: 0.0038575099 | P97: 2 | Q97: 541509.52 | R97: 0.004127011 | S97: =AVERAGE(L97,O97,R97) -> 0.0039003101
A98: YP_168899.1 | B98: AAV96926.1 | C98: SPO3705 | D98: MKRILCAGTVSILALASAAAADIKIAHVYGKTGPFEAYAKQSHDGLMLGLEYATGGTMEIDGEKIVVIEKDTQLKPENGKALLEEAYGDDEVDLAVGPVSSGVALAMLPVAEEYEKVLIVEPAVADSITGANWNRYIFRTGRNSSQDAVSNAIALAGENVHIATLAQDYAFGRDGIAAFKEALEGAGSGIVHEEYVPTDTTDFTAAAERIFNAMKDLDGEKRLFIIWAGGGNPMGKIQAMDPSRFGIEIATGGNILAAMAAYKDFPGMQGATYYYYEIPQNPVNDWLVKTHQDRFGTPPDFFTAGGMAAGIAVVEAIKKAGSTDTEALISAMEGMEWETPKGKMMFRPEDHQAMQSMYHFKIKVDPNVDWAIPELVRELTIDDLPIPIRNN | E98: branched-chain amino acid ABC transporter, periplasmic branched-chain amino acid-binding protein | F98: Membrane transport | I98: Amino acid transport and metabolism | J98: 0 | K98: 315009.17 | L98: 0.0034907451 | M98: 2 | N98: 444586.93 | O98: 0.0045183931 | P98: 0 | Q98: 208653.06 | R98: 0.0024076826 | S98: =AVERAGE(L98,O98,R98) -> 0.0034722736
A99: YP_168664.1 | B99: AAV96694.1 | C99: SPO3468 | D99: MQSSTFAPWEDPNAKPLIRFKNVTKRFGEFTAIDNLTLDIFEREFFALLGPSGCGKTTMMRMLAGFETATEGVIELAGQDIAPVPPNKRAVNMMFQSYALFPHLSVWDNIAFGLRRDRKSKAEIEARVEEMLRLVRLEKFAQRKPHQISGGQRQRVALARSLAKAPKLLLLDEPLGALDKKLRQDTQFELMDIQEKTGTTFVIVTHDQEEAMTVASRVAVMDQGQLMQVATPDRIYETPNSVYVADFIGDVNIIEGRATPEGEDGYRIDWAEGQPALTAKSATRFDKGQKCHLAIRPEKVAISAERPADAANAVQGRVHDIAYLGNLSTYYVELADGTIIKAQTSNTRRISRRSFTWEDTVWLSWTATAGVLLAN | E99: putrescine ABC transporter, ATP-binding protein | F99: Membrane transport | I99: Amino acid transport and metabolism | J99: 2 | K99: 292673.81 | L99: 0.003381616 | M99: 1 | N99: 309442.45 | O99: 0.0032790852 | P99: 0 | Q99: 269472.19 | R99: 0.0032421561 | S99: =AVERAGE(L99,O99,R99) -> 0.0033009525
A100: YP_167313.1 | B100: AAV95354.1 | C100: SPO2083 | D100: MKVIICGAGQVGWQIARHLSGELNDVTVVDNNPDLVRRATETLDVQGIAGFASYPDVLEKAGARDADMIIAATYSDEVNMVTCQVAHSVFGIQRKIARLRSKSYLNAIYSDLYRREHLPIDVVISPEREVAAAAMRRLSAPSAFDTETFMDGQAQLVGLSVDEASPVINTPLRQLTDLFSTLRAIVVGIRREGTLFAPEPGDQIFAGDECYVFCHVDDVSRTMEVFGKTHKKQDRVVIVGGGNVGLEVARALEEHKTRIHAKVIERDRGNAERAAEALERTIVLHGDGMDAGLLAEAGIARADAMLAVTDDDRTNMLAAVRAKAEGCRLAIALINDPTLVALMPPLGIDAYINPRATTVSSILRHIRHGRVRQVYSIGDAEAEVIEAEVLSTSPMAGQRLRDIDFPEGVLVGAVRKGDKVLRPTGELRIEEGDVIAIFAMADDVPEVERLMQVSIDFF | E100: potassium transporter peripheral membrane component | F100: Membrane transport | I100: Inorganic ion transport and metabolism | J100: 2 | K100: 312940.47 | L100: 0.0029605197 | M100: 3 | N100: 313977.65 | O100: 0.0027241896 | P100: 1 | Q100: 289989.38 | R100: 0.0028567212 | S100: =AVERAGE(L100,O100,R100) -> 0.0028471435
...
